;CODIGO;TP;GRUPO;DESCRICAO;U.M.;ARMZ;SALDO FISICO;;;;CURVA;;
1;M1000038;MC;M100;PLACA  DE APERTO DA FACA  AGLU;PC;02;4;#REF!;2541798,17;#REF!;B;M1000038;
2;M1888888;MC;M100;FACA CORTE CABECA GRANULACAO;PC;02;160;#REF!;2541798,17;#REF!;A;M1888888;
3;M1007777;MC;M100;PASTILHA AGLUTINADOR DORMENTE;PC;02;4;#REF!;2541798,17;#REF!;B;M1007777;
4;M1006666;MC;M100;ENSERTOS DAS PASTILHAS;PC;02;4;#REF!;2541798,17;#REF!;B;M1006666;
5;M1000107;MC;M100;FACAS DE CORTE MAQUINA EREMA;PC;02;290;#REF!;2541798,17;#REF!;A;M1000107;
6;M1000119;MC;M100;FACA 4X40X38 – EREMA;PC;02;19;#REF!;2541798,17;#REF!;A;M1000119;
7;M1000120;MC;M100;FACA PARA TRITURADOR – WNR 1.2436 VC 131 - STF;PC;02;28;#REF!;2541798,17;#REF!;A;M1000120;
8;M1000121;MC;M100;CONTRA FACA PARA TRITURADOR – WNR 1.2436 VC 131 - STF;PC;02;8;#REF!;2541798,17;#REF!;A;M1000121;
9;M1010116;MC;M101;PARAF ALLEN C/C M20X80;CT;02;1.21;#REF!;2541798,17;#REF!;B;M1010116;
10;M1010391;MC;M101;ANEL BRONZE- CB 230;PC;02;1;#REF!;2541798,17;#REF!;B;M1010391;
11;M1010432;MC;M101;ANEL DE APOIO Ø 250X37MM-ACO;PC;02;1;#REF!;2541798,17;#REF!;B;M1010432;
12;M1010433;MC;M101;DISCO DE APOIO Ø 249,80X10MM-BRONZE;PC;02;2;#REF!;2541798,17;#REF!;B;M1010433;
13;M1010441;MC;M101;PARAF. ALLEM S/C M12X25;CT;02;2.16;#REF!;2541798,17;#REF!;B;M1010441;
14;M1010444;MC;M101;PARAF.ALLEN M8X25MM C/C BAIXA INOX;CT;02;1.40;#REF!;2541798,17;#REF!;B;M1010444;
15;M1010451;MC;M101;SUPORTE P/PASTILHA-HELICE AQUECIMENTO;PC;02;3;#REF!;2541798,17;#REF!;B;M1010451;
16;M1010467;MC;M101;ARRUELA LISA ACO 6 X 60,5 X 76 P/TUBO DE AQUECIMENTO DA CRUZETA;PC;02;15;#REF!;2541798,17;#REF!;B;M1010467;
17;M1010477;MC;M101;PARAF SEXT FLANGEADO M18 X 60 10.9 SEIBT;CT;02;0.23;#REF!;2541798,17;#REF!;B;M1010477;
18;M1010480;MC;M101;"PARAF. ALLEN 1X16"" C/ PORCA (ROCLA )";PC;02;10;#REF!;2541798,17;#REF!;A;M1010480;
19;M1010482;MC;M101;ANEL BRONZE - CB190;PC;02;1;#REF!;2541798,17;#REF!;B;M1010482;
20;M1010488;MC;M101;PARA SEXT 3/4 X 4´´;CT;02;0.22;#REF!;2541798,17;#REF!;B;M1010488;
21;M1010522;MC;M101;ESPAGUETE 18MM PARA ALTA TEMPERATURA;MT;02;5;#REF!;2541798,17;#REF!;B;M1010522;
22;M1010540;MC;M101;ANEL ORING 390X8 (EREMA);PC;02;2;#REF!;2541798,17;#REF!;B;M1010540;
23;M1010549;MC;M101;BROCA HELICOIDAL EM ACO RAPIDO DE 23,50MM;PC;02;2;#REF!;2541798,17;#REF!;B;M1010549;
24;M1010622;MC;M101;PARAF ALLEN M16X30MM INOX - EREMA;CT;02;0.31;#REF!;2541798,17;#REF!;B;M1010622;
25;M1010736;MC;M101;PARAFUSO SEXTAVADO INOX  M16X100 ROSCA TOTAL;CT;02;0.20;#REF!;2541798,17;#REF!;B;M1010736;
26;M1010828;MC;M101;KIT TEFLON - CB190;PC;02;2;#REF!;2541798,17;#REF!;A;M1010828;
27;M1010872;MC;M101;BUCHA FACA MOINHO 55MM;CT;02;0.15;#REF!;2541798,17;#REF!;A;M1010872;
28;M1010873;MC;M101;BUCHA FACA MOINHO 62MM;CT;02;0.12;#REF!;2541798,17;#REF!;A;M1010873;
29;M1010885;MC;M101;RET. (110 X 140 X 13-BR) - 18177 (VEDABRAS);PC;02;2;#REF!;2541798,17;#REF!;B;M1010885;
30;M1010924;MC;M101;RETENTOR 750X100X12 V75 BE1;PC;02;2;#REF!;2541798,17;#REF!;B;M1010924;
31;M1010925;MC;M101;RETENTOR 150X180X15 V75 BE2;PC;02;2;#REF!;2541798,17;#REF!;B;M1010925;
32;M1010926;MC;M101;RETENTOR 200X230X15 V75 BE2;PC;02;2;#REF!;2541798,17;#REF!;B;M1010926;
33;M1010946;MC;M101;RETENTOR 160 X 200 X 12 – VITON – RED. H 27 2 22 P580 – 2CC - EXT-301;PC;02;4;#REF!;2541798,17;#REF!;A;M1010946;
34;M1010975;MC;M101;RETENTOR 130 X 160 X 12 - VITON – RED. H 23 2 22 P580 – 2CC - EXT-302;PC;02;2;#REF!;2541798,17;#REF!;B;M1010975;
35;M1020002;MC;M102;ROL UCX10V22;PC;02;4;#REF!;2541798,17;#REF!;B;M1020002;
36;M1020023;MC;M102;ROL 6308 ZZ;PC;02;6;#REF!;2541798,17;#REF!;B;M1020023;
37;M1020026;MC;M102;ROL 6316 C3;PC;02;5;#REF!;2541798,17;#REF!;A;M1020026;
38;M1020031;MC;M102;ROL 6319 C3;PC;02;3;#REF!;2541798,17;#REF!;B;M1020031;
39;M1020032;MC;M102;ROL NU 322 C3;PC;02;3;#REF!;2541798,17;#REF!;A;M1020032;
40;M1020034;MC;M102;ROL AUTOCOM ESFERA 2310 CC;PC;02;2;#REF!;2541798,17;#REF!;B;M1020034;
41;M1020035;MC;M102;ROL 22209 EK;PC;02;7;#REF!;2541798,17;#REF!;B;M1020035;
42;M1020036;MC;M102;ROL 22309 E;PC;02;8;#REF!;2541798,17;#REF!;B;M1020036;
43;M1020044;MC;M102;ROL 32206;PC;02;11;#REF!;2541798,17;#REF!;B;M1020044;
44;M1020045;MC;M102;ROL 32215;PC;02;6;#REF!;2541798,17;#REF!;B;M1020045;
45;M1020046;MC;M102;ROL 6024;PC;02;2;#REF!;2541798,17;#REF!;B;M1020046;
46;M1020051;MC;M102;RODIZIO G GRAX 62UPS P/400KG;PC;02;6;#REF!;2541798,17;#REF!;A;M1020051;
47;M1020052;MC;M102;RODIZIO F FRAX 62UPS P/ 400KG;PC;02;9;#REF!;2541798,17;#REF!;A;M1020052;
48;M1020060;MC;M102;ROL SKF 51320;PC;02;3;#REF!;2541798,17;#REF!;A;M1020060;
49;M1020062;MC;M102;ROL UC 212 DIAM 60;PC;02;2;#REF!;2541798,17;#REF!;B;M1020062;
50;M1020076;MC;M102;ROL UC 312 DIAM 60;PC;02;2;#REF!;2541798,17;#REF!;B;M1020076;
51;M1020086;MC;M102;VEDACAO P/ MANCAL  TSNH 312 G;PC;02;4;#REF!;2541798,17;#REF!;B;M1020086;
52;M1020094;MC;M102;ROL 22208;PC;02;8;#REF!;2541798,17;#REF!;B;M1020094;
53;M1020099;MC;M102;SELO MECANICO Ø29MM;PC;02;3;#REF!;2541798,17;#REF!;B;M1020099;
54;M1020119;MC;M102;ROL ESFERA 2204-2RSR-TV   (SAGEC);PC;02;20;#REF!;2541798,17;#REF!;A;M1020119;
55;M1020135;MC;M102;MANCAL MFC5 (SAGEC);PC;02;1;#REF!;2541798,17;#REF!;B;M1020135;
56;M1020142;MC;M102;ROLAMENTO UC209 Ø45MM;PC;02;5;#REF!;2541798,17;#REF!;B;M1020142;
57;M1020145;MC;M102;ROL 22206 E4 C3 S11;PC;02;4;#REF!;2541798,17;#REF!;B;M1020145;
58;M1020153;MC;M102;MANCAL MF C5A  (SAGEC);PC;02;6;#REF!;2541798,17;#REF!;B;M1020153;
59;M1020160;MC;M102;ROL 22213 EAE 4C3;PC;02;1;#REF!;2541798,17;#REF!;B;M1020160;
60;M1020163;MC;M102;MANCAL INFERIOR DO SILO;PC;02;1;#REF!;2541798,17;#REF!;B;M1020163;
61;M1020170;MC;M102;ROL 22210;PC;02;2;#REF!;2541798,17;#REF!;B;M1020170;
62;M1020185;MC;M102;ROL UC 210 / 50MM;PC;02;4;#REF!;2541798,17;#REF!;B;M1020185;
63;M1020221;MC;M102;ROL NJ-308 FAG;PC;02;6;#REF!;2541798,17;#REF!;B;M1020221;
64;M1020228;MC;M102;ROL NJ308-E-XL-M1#E - BRONZE - STF;PC;02;6;#REF!;2541798,17;#REF!;A;M1020228;
65;M1020240;MC;M102;MANCAL SY 510 M - SKF;PC;02;7;#REF!;2541798,17;#REF!;B;M1020240;
66;M1020244;MC;M102;MANCAL EIXO RECARTILHADO (SAGEC);PC;02;1;#REF!;2541798,17;#REF!;B;M1020244;
67;M1020246;MC;M102;MANCAL QUADRADO PARA EIXO PRESSOR GRANULADORES;PC;02;2;#REF!;2541798,17;#REF!;B;M1020246;
68;M1030030;MC;M103;MOTOR ELETRICO 50CV WEG;UN;02;0;#REF!;2541798,17;#REF!;A;M1030030;
69;M1030030R;MC;M103;MOTOR ELETRICO 50CV WEG;UN;02;1;#REF!;2541798,17;#REF!;A;M1030030R;
70;M1030050;MC;M103;BOMBA GLASS GF-50-20 AT;PC;02;1;#REF!;2541798,17;#REF!;A;M1030050;
71;M1030213;MC;M103;COMPRESSOR RADIAL 8,45 CV TRI 2CRN  810 16 ST P2;PC;02;1;#REF!;2541798,17;#REF!;A;M1030213;
72;M1040070;MC;M104;ABRAC MET 38X51 REFORCADA;PC;02;94;#REF!;2541798,17;#REF!;B;M1040070;
73;M1040096;MC;M104;KIT REPARO VEDACAO EM VITON Nº230.264;KT;02;5;#REF!;2541798,17;#REF!;B;M1040096;
74;M1040097;MC;M104;KIT REPARO CH 230 VITON;KT;02;3;#REF!;2541798,17;#REF!;B;M1040097;
75;M1040241;MC;M104;CURVA 90º RAIO CURTO Ø152 INOX;PC;02;3;#REF!;2541798,17;#REF!;B;M1040241;
76;M1040283;MC;M104;VALVULA DE ALIVIO BVM142/58;PC;02;5;#REF!;2541798,17;#REF!;B;M1040283;
77;M1040289;MC;M104;"KIT REP. CILINDRO HIDRAULICO Ø5"" X 3.1/2""";PC;02;2;#REF!;2541798,17;#REF!;B;M1040289;
78;M1040318;MC;M104;FILTRO REGULADOR LUBRIFICADOR;PC;02;1;#REF!;2541798,17;#REF!;B;M1040318;
79;M1040323;MC;M104;TRANSMISSOR DE PRESSAO;PC;02;2;#REF!;2541798,17;#REF!;A;M1040323;
80;M1040331;MC;M104;SEAL TUBO 2 POL;MT;02;15;#REF!;2541798,17;#REF!;B;M1040331;
81;M1040335;MC;M104;FILTRO N95;PC;02;32;#REF!;2541798,17;#REF!;B;M1040335;
82;M1040336;MC;M104;FILTRO QUIMICO OV;PC;02;54;#REF!;2541798,17;#REF!;A;M1040336;
83;M1040444;MC;M104;KIT VEDACAO-UNID.HIDR.COMPL.(6.06.001-6);PC;02;5;#REF!;2541798,17;#REF!;B;M1040444;
84;M1040476;MC;M104;TUBO Ø152X1,5PARED.X6.000 INOX;PC;02;1;#REF!;2541798,17;#REF!;A;M1040476;
85;M1040537;MC;M104;"COTOVELO GALVANIZADO TUPYPRESS COM ROSCA BSP 1""";PC;02;3;#REF!;2541798,17;#REF!;B;M1040537;
86;M1040539;MC;M104;VEDACAO ENTRADA / SAIDA - TVSEV1750-10-4F;PC;02;3;#REF!;2541798,17;#REF!;B;M1040539;
87;M1040611;MC;M104;CURVA 90º RAIO CURTO Ø127MM -INOX;PC;02;1;#REF!;2541798,17;#REF!;B;M1040611;
88;M1040613;MC;M104;KIT REPARO DO PISTAO EM VITON CB-190;PC;02;3;#REF!;2541798,17;#REF!;B;M1040613;
89;M1040614;MC;M104;COTOVELO 2´´ TUPYPRESS REF.1907 (GALVANIZADO);PC;02;4;#REF!;2541798,17;#REF!;B;M1040614;
90;M1040623;MC;M104;"VALVULA DE ESFERA 2"" GALVANIZADA";PC;02;0;#REF!;2541798,17;#REF!;B;M1040623;
91;M1040681;MC;M104;FILTRO DE OLEO GA11-30C (ATLAS COPCO);PC;02;2;#REF!;2541798,17;#REF!;B;M1040681;
92;M1040682;MC;M104;KIT FILTRO GA11-22;PC;02;2;#REF!;2541798,17;#REF!;B;M1040682;
93;M1040738;MC;M104;"VALVULA NAMUR 5/2 VIAS SIMPLES SOLENOIDE 220V ROSCA 1/4"" BSP S.300 4M310-08-220V";PC;02;1;#REF!;2541798,17;#REF!;B;M1040738;
94;M1040760;MC;M104;"VALVULA SIMPLES/SOL. 5/2 VIAS ROSCA 1/4"" 24VCC -PARKER";PC;02;3;#REF!;2541798,17;#REF!;B;M1040760;
95;M1040905;MC;M104;REGULADOR DE GAS ALIANCA GLP 76510/01 50KG/H LARANJA;PC;02;1;#REF!;2541798,17;#REF!;B;M1040905;
96;M1040909;MC;M104;CURVA LINHA DA LAVAGEM 6´´ X950X950X3MM -CONFORME DESENHO;PC;02;2;#REF!;2541798,17;#REF!;A;M1040909;
97;M1041084;MC;M104;FILTRO DE AR FEA 1301 - TECNOAR;UN;02;8;#REF!;2541798,17;#REF!;B;M1041084;
98;M1041146;MC;M104;KIT REPARO DE CILINDRO (ANEL O'RING, GAXETA, RASPADOR, GAXETA 82,5X69,85X6,35);KT;02;4;#REF!;2541798,17;#REF!;B;M1041146;
99;M1041163;MC;M104;FILTRO DE AR KPA325CAK420 (COD.FIFKP030509 - VIZURI);PC;02;2;#REF!;2541798,17;#REF!;B;M1041163;
100;M1044461;MC;M104;VALVULA ESCAPE RAPIDO 1/4-PADRAO LAMPE;PC;02;6;#REF!;2541798,17;#REF!;B;M1044461;
101;M1044462;MC;M104;TORNEIRA MISTURADORA COZINHA PAREDE (DECA);PC;02;2;#REF!;2541798,17;#REF!;B;M1044462;
102;M1044493;MC;M104;TEE 1/2 TUPYPRESS COM ROSCA CENTRAL(GALVANIZADO);PC;02;5;#REF!;2541798,17;#REF!;B;M1044493;
103;M1044507;MC;M104;VALVULA DE DESCARGA P/ UN.HIDRAULICA-TROCA TELA-GLOBAL LHG-030.15;PC;02;1;#REF!;2541798,17;#REF!;B;M1044507;
104;M1048022;MC;M104;CILINDRO CD85N16-50-B;PC;02;1;#REF!;2541798,17;#REF!;B;M1048022;
105;M1048079;MC;M104;DIAFRAGMA BOMBA PNEUMATICA;PC;02;2;#REF!;2541798,17;#REF!;B;M1048079;
106;M1048080;MC;M104;ESFERA BOMBA PNEUMATICA;PC;02;4;#REF!;2541798,17;#REF!;A;M1048080;
107;M1048081;MC;M104;ASSENTO BOMBA PNEUMATICA;PC;02;4;#REF!;2541798,17;#REF!;B;M1048081;
108;M1048084;MC;M104;KIT MANUTENCAO SISTEMA DE AR BOMBA PNEUMATICA;PC;02;1;#REF!;2541798,17;#REF!;B;M1048084;
109;M1048121;MC;M104;VALV MV 5/2 1/8 COMANDO BOTAO PUSH-PULL - PICOTADOR;PC;02;3;#REF!;2541798,17;#REF!;B;M1048121;
110;M1050068;MC;M105;HELICE DE AGLUTINADOR 1300;PC;02;1;#REF!;2541798,17;#REF!;A;M1050068;
111;M1050114;MC;M105;EIXO DO PISTAO DIVERSORA;PC;02;4;#REF!;2541798,17;#REF!;A;M1050114;
112;M1050142;MC;M105;CANALETA SIST X 50X50;UN;02;15;#REF!;2541798,17;#REF!;B;M1050142;
113;M1050154;MC;M105;EIXO SUPERIOR P/ SILO DE 5000KG - TEMPERADO;PC;02;1;#REF!;2541798,17;#REF!;B;M1050154;
114;M1050175;MC;M105;EIXO INFERIOR P/ SILO DE 5000KG - TEMPERADO;PC;02;1;#REF!;2541798,17;#REF!;B;M1050175;
115;M1050185;MC;M105;BUCHA RANHURADA DIAM 155MM;PC;02;1;#REF!;2541798,17;#REF!;A;M1050185;
116;M1050207;MC;M105;POLIA ROTOR DO GRANULADOR  - SAGEC;PC;02;2;#REF!;2541798,17;#REF!;B;M1050207;
117;M1050229;MC;M105;MOLDURA SILICONE ALTA TEMP300G;PC;02;3;#REF!;2541798,17;#REF!;B;M1050229;
118;M1050236;MC;M105;ROTOR  EM BRONZE PARA BVAL -II -220;PC;02;1;#REF!;2541798,17;#REF!;A;M1050236;
119;M1050245;MC;M105;ANEL TRIANGULAR 253X267X8,6 SILICONE 60;PC;02;2;#REF!;2541798,17;#REF!;B;M1050245;
120;M1050272;MC;M105;VEDACAO-VACUO-MP 120/130;PC;02;2;#REF!;2541798,17;#REF!;A;M1050272;
121;M1050274;MC;M105;MOLA DO ROLETE DE BORRACHA-P.O    (SAGEC);PC;02;19;#REF!;2541798,17;#REF!;B;M1050274;
122;M1050305;MC;M105;EIXO ACIONAMENT.CHAV.IMPACT.5140093-08;PC;02;4;#REF!;2541798,17;#REF!;B;M1050305;
123;M1050320;MC;M105;EMPUNHADURA CHAV.IMPACT.5140068-98;PC;02;6;#REF!;2541798,17;#REF!;B;M1050320;
124;M1050339;MC;M105;VENTILADOR AXIAL 48VCC C/CABO 60MM;PC;02;1;#REF!;2541798,17;#REF!;B;M1050339;
125;M1050346;MC;M105;PASTILHA DA HELICE DE AQUECIMENTO;PC;02;4;#REF!;2541798,17;#REF!;A;M1050346;
126;M1050364;MC;M105;CONTROLE ELETROMECANICO-CN1 328 B   220V C/HASTE DE 80MM- COEL;PC;02;1;#REF!;2541798,17;#REF!;B;M1050364;
127;M1050365;MC;M105;SINALIZADOR VISUAL VERDE-220V ASGB-FF-R;PC;02;1;#REF!;2541798,17;#REF!;B;M1050365;
128;M1050370;MC;M105;KIT REPARO P/BOMBA P11A 139BEEJ;PC;02;4;#REF!;2541798,17;#REF!;B;M1050370;
129;M1050399;MC;M105;CENTRO ELASTICO ACOPLAMENTO AT 90;PC;02;1;#REF!;2541798,17;#REF!;B;M1050399;
130;M1050404;MC;M105;GRAMPO TORPEDO 95020 - POS 06;PC;02;2;#REF!;2541798,17;#REF!;B;M1050404;
131;M1050406;MC;M105;NIVEL TIPO BOLHA PARA PLASTOMETRO COM PROTECAO;PC;02;2;#REF!;2541798,17;#REF!;B;M1050406;
132;M1050413;MC;M105;CAPELA DO VACUO MP 120/130;PC;02;1;#REF!;2541798,17;#REF!;A;M1050413;
133;M1050428;MC;M105;ENGRENAGEM MOV. ESQ. CABECOTE 50MM LAMPE;PC;02;6;#REF!;2541798,17;#REF!;B;M1050428;
134;M1050429;MC;M105;ENGRENAGEM MOTORA CABECOTE 50MM;PC;02;3;#REF!;2541798,17;#REF!;B;M1050429;
135;M1050430;MC;M105;EIXO GUIA DA PINCA CABECOTE 50MM ESQ. LAMPE;PC;02;5;#REF!;2541798,17;#REF!;B;M1050430;
136;M1050431;MC;M105;PINCA TRACAO BROCA 19MM CABECOTE 50MM ESQ. LAMPE;PC;02;2;#REF!;2541798,17;#REF!;B;M1050431;
137;M1050433;MC;M105;ELEMENTO FILTRANTE P/FILTRO DE PRESSAO;PC;02;1;#REF!;2541798,17;#REF!;B;M1050433;
138;M1050450;MC;M105;SUPORTE BVMII-120/20 C80 ASTM A48 CL30;PC;02;1;#REF!;2541798,17;#REF!;B;M1050450;
139;M1050451;MC;M105;PLACA  BVM-120/20-120/46 ASTM A48 CL30 C/ PARAF.;PC;02;1;#REF!;2541798,17;#REF!;B;M1050451;
140;M1050461;MC;M105;ENGRENAGEM DE TRANSMISSAO SG-300   (SAGEC);PC;02;2;#REF!;2541798,17;#REF!;B;M1050461;
141;M1050473;MC;M105;ENGRENAGEM MOV. DIREITA CABECOTE 50MM - LAMPE;PC;02;6;#REF!;2541798,17;#REF!;A;M1050473;
142;M1050474;MC;M105;EIXO GUIA DA PINCA CABECOTE 50MM DIREITA - LAMPE;PC;02;2;#REF!;2541798,17;#REF!;B;M1050474;
143;M1050475;MC;M105;PINCA TRACAO BROCA 19MM CABECOTE 50MM -DIREITA LAMPE;PC;02;2;#REF!;2541798,17;#REF!;B;M1050475;
144;M1050490;MC;M105;ABRACADEIRA COM PORCA E CHAVE PARA APERTO 24MM;PC;02;1;#REF!;2541798,17;#REF!;B;M1050490;
145;M1050493;MC;M105;VENTILADOR 204ZX 230V - UNIKY;PC;02;2;#REF!;2541798,17;#REF!;A;M1050493;
146;M1050494;MC;M105;POLIA B4 650  4 CANAIS (P/ MISTURADOR 1230);PC;02;1;#REF!;2541798,17;#REF!;B;M1050494;
147;M1050511;MC;M105;SUPORTE MANDRIL P/ MAQUINA FURACAO DE CRUZETAS;PC;02;2;#REF!;2541798,17;#REF!;B;M1050511;
148;M1050518;MC;M105;EIXO INFERIOR DO MISTURADOR VERTICAL 20.000L;PC;02;1;#REF!;2541798,17;#REF!;B;M1050518;
149;M1050531;MC;M105;CONTROLE ELETROMECANICO-CN 1328 A220VCA HASTE COMPRIMENTO 200MM;PC;02;1;#REF!;2541798,17;#REF!;B;M1050531;
150;M1050545;MC;M105;EIXO DO ARRASTE, CONFORME MODELO NOVO COM PONTEIRA REMOVIVEL;PC;02;1;#REF!;2541798,17;#REF!;B;M1050545;
151;M1050568;MC;M105;PATINS  -  MAS-15-ESSFCN;PC;02;4;#REF!;2541798,17;#REF!;B;M1050568;
152;M1050574;MC;M105;EIXO DA BROCA    - TOPFER;PC;02;2;#REF!;2541798,17;#REF!;B;M1050574;
153;M1050612;MC;M105;EIXO DA MATRIZ EXTRUSAO  - TOPFER;PC;02;6;#REF!;2541798,17;#REF!;B;M1050612;
154;M1050613;MC;M105;ROTOR THEBE THSI  18;PC;02;1;#REF!;2541798,17;#REF!;B;M1050613;
155;M1050614;MC;M105;BUCHA TRANSPORTADORA ROSCA - 1020 E BRONZE - TOPFER;PC;02;2;#REF!;2541798,17;#REF!;A;M1050614;
156;M1050617;MC;M105;FLANGE CRUZETA MACHO 90X112MM COM TUBO - TOPFER;PC;02;3;#REF!;2541798,17;#REF!;B;M1050617;
157;M1050618;MC;M105;FLANGE CRUZETA FEMEA 90X112MM - TOPFER;PC;02;4;#REF!;2541798,17;#REF!;B;M1050618;
158;M1050630;MC;M105;FILTRO TROCA TELA EREMA  -FURO MENOR - TOPFER;PC;02;10;#REF!;2541798,17;#REF!;A;M1050630;
159;M1050631;MC;M105;FILTRO TROCA TELA EREMA -  FURO MAIOR -TOPFER;PC;02;10;#REF!;2541798,17;#REF!;A;M1050631;
160;M1050633;MC;M105;FILTRO REGULADOR AIRTAC 1/2 -EREMA;PC;02;1;#REF!;2541798,17;#REF!;B;M1050633;
161;M1050667;MC;M105;BUCHA ESFERICA  - EREMA;PC;02;3;#REF!;2541798,17;#REF!;B;M1050667;
162;M1050754;MC;M105;VENTILADOR AXIAL FZY12038HSL -115V 0.20A 230V 0.10A  JNG;PC;02;4;#REF!;2541798,17;#REF!;B;M1050754;
163;M1050776;MC;M105;FILTRO MANGA Ø203MM X 900MM POLIESTER 550G BOCA COM BAINHA E FUNDO TIPO COADOR;PC;02;19;#REF!;2541798,17;#REF!;B;M1050776;
164;M1050874;MC;M105;SELO MECANICO   -PARA MODELO GLASS GF 32-20 AT;PC;02;1;#REF!;2541798,17;#REF!;B;M1050874;
165;M1050879;MC;M105;JUNTA PARA TROCADOR DE CALOR;PC;02;13;#REF!;2541798,17;#REF!;A;M1050879;
166;M1050926;MC;M105;RASPADOR DINAMICO ERF ETTLINGER;PC;02;12;#REF!;2541798,17;#REF!;A;M1050926;
167;M1050959;MC;M105;ENGRENAGEM TRANSMISSAO TEMPERADA PEQUENA R -SAGEC;PC;02;4;#REF!;2541798,17;#REF!;A;M1050959;
168;M1050960;MC;M105;ENGRENAGEM GDE. DO GRANULADOR 300/R, COM CUBO, LARGURA DE 30MM -SAGEC;PC;02;2;#REF!;2541798,17;#REF!;B;M1050960;
169;M1051007;MC;M105;PENEIRA PARA MOINHO SEIBT MODELO MGHS 800 A Ø 16MM;UN;02;3;#REF!;2541798,17;#REF!;A;M1051007;
170;M1051031;MC;M105;ROTOR DIANT. EXT. 198X92MM FURO P/EIXO ROT. ANTI-HORARIO;PC;02;1;#REF!;2541798,17;#REF!;B;M1051031;
171;M1051077;MC;M105;SUPORTE DE TELA PECA DE DESGASTE;PC;02;2;#REF!;2541798,17;#REF!;A;M1051077;
172;M1051107;MC;M105;ROTOR  MONTADO SG 300R/E 32 DENTES (SAGEC);PC;02;2;#REF!;2541798,17;#REF!;A;M1051107;
173;M1051164;MC;M105;CILINDRO PNEUMATICO MD8 SSL D.25 DE-TTU-IMA CURSO 40MM;PC;02;2;#REF!;2541798,17;#REF!;B;M1051164;
174;M1051174;MC;M105;CILINDRO CP10 D.25 DE-I VM X 50MM CURSO;PC;02;2;#REF!;2541798,17;#REF!;B;M1051174;
175;M1051192;MC;M105;"GUARVICAO DO BATENTE DA PORTA (3/8"" X 1"" X 5M)";UN;02;1;#REF!;2541798,17;#REF!;B;M1051192;
176;M1051232;MC;M105;PENEIRA (CENTRIFUGA) - FR 800-2000;PC;02;1;#REF!;2541798,17;#REF!;A;M1051232;
177;M1051239;MC;M105;EIXO MIST VERT 6000L Ø76XØ250X4270 ACO INOX;PC;02;1;#REF!;2541798,17;#REF!;A;M1051239;
178;M1051246;MC;M105;MILL STF - ET 2.40 - APARAFUSAMENTO SUPORTE FACA ESTATOR SUPERIOR DO ROTOR;PC;02;1;#REF!;2541798,17;#REF!;A;M1051246;
179;M1051247;MC;M105;MILL STF - ET 2.37 - APARAFUSAMENTO SUPORTE FACA ESTATOR INFERIOR DO ROTOR;PC;02;1;#REF!;2541798,17;#REF!;A;M1051247;
180;M1051248;MC;M105;MILL STF - ET 2.38 - PORTA-FACA DO ESTATOR INFERIOR (CONJUNTO);PC;02;1;#REF!;2541798,17;#REF!;A;M1051248;
181;M1051249;MC;M105;MILL STF - ET 2.39 - PORTA-FACA DO ESTATOR SUPERIOR (CONJUNTO);PC;02;1;#REF!;2541798,17;#REF!;A;M1051249;
182;M1051265;MC;M105;"ELEMENTO FILTRANTE 1/2"" E 3/4"" OF 242 MADAS";PC;02;2;#REF!;2541798,17;#REF!;B;M1051265;
183;M1051268;MC;M105;POLIA B5 650 FURO 60 USINADA - SILO PA 10 TON;PC;02;1;#REF!;2541798,17;#REF!;A;M1051268;
184;M1060004;MC;M106;OLEO IPIRANGA SP 460 20KG;L;02;50;#REF!;2541798,17;#REF!;B;M1060004;
185;M1060013;MC;M106;OLEO RED EGF 220 EP;BD;02;1;#REF!;2541798,17;#REF!;B;M1060013;
186;M1060027;MC;M106;DESENGRIPANTE M1;PC;02;34;#REF!;2541798,17;#REF!;B;M1060027;
187;M1060037;MC;M106;OLEO 680;L;02;60;#REF!;2541798,17;#REF!;B;M1060037;
188;M1060040;MC;M106;OLEO 15W40 MOTOR DIESEL;L;02;30;#REF!;2541798,17;#REF!;B;M1060040;
189;M1060044;MC;M106;OLEO LUBRAX EFG 320;L;02;240;#REF!;2541798,17;#REF!;A;M1060044;
190;M1060047;MC;M106;GRAXA MOLYKOTE BR- 2 PLUS -1K;KG;02;1;#REF!;2541798,17;#REF!;B;M1060047;
191;M1060115;MC;M106;LUBRIFICANTE SINTETICO ROTOXTEND DUTY;GL;02;3;#REF!;2541798,17;#REF!;A;M1060115;
192;M1060130;MC;M106;OLEO TERMICO OT 46  (EREMA);L;02;99;#REF!;2541798,17;#REF!;B;M1060130;
193;M1060146;MC;M106;FLUIDO TERMINO PARATHERM HE  -  208LT;L;02;200;#REF!;2541798,17;#REF!;A;M1060146;
194;M1060162;MC;M106;SILICONE  NEUTRO DE ALTA TEMPERATURA PRO  - WURTH;UN;02;8;#REF!;2541798,17;#REF!;B;M1060162;
195;M1060164;MC;M106;GRAXA KIRUNA 2 EP;KG;02;36;#REF!;2541798,17;#REF!;A;M1060164;
196;M1060962;MC;M106;PARAFUSO - MOLA ROLETE - SAGEC;PC;02;13;#REF!;2541798,17;#REF!;B;M1060962;
197;M1060977;MC;M106;SPRAY OKS 2501 - 400ML;UN;02;9;#REF!;2541798,17;#REF!;A;M1060977;
198;M1060984;MC;M106;TRAVA ROSCA TORQUE ALTO 277 - 250GR;PC;02;1;#REF!;2541798,17;#REF!;B;M1060984;
199;M1070005;MC;M107;CORREIA B 47;PC;02;20;#REF!;2541798,17;#REF!;B;M1070005;
200;M1070007;MC;M107;CORREIA A 73;PC;02;9;#REF!;2541798,17;#REF!;B;M1070007;
201;M1070014;MC;M107;CORREIA DENTADA 5VX0900;PC;02;15;#REF!;2541798,17;#REF!;A;M1070014;
202;M1070015;MC;M107;CORREIA 5XV1120;PC;02;8;#REF!;2541798,17;#REF!;B;M1070015;
203;M1070018;MC;M107;CORREIA 5V1250;PC;02;8;#REF!;2541798,17;#REF!;B;M1070018;
204;M1070020;MC;M107;CORREIA B 120;PC;02;7;#REF!;2541798,17;#REF!;B;M1070020;
205;M1070021;MC;M107;CORREIA 5V850;PC;02;9;#REF!;2541798,17;#REF!;B;M1070021;
206;M1070022;MC;M107;CORREIA HNV 14525X900;PC;02;3;#REF!;2541798,17;#REF!;A;M1070022;
207;M1070027;MC;M107;CORREIA HNV 13000X600 COM TALISCA;PC;02;1;#REF!;2541798,17;#REF!;A;M1070027;
208;M1070033;MC;M107;CORREIA B 136;PC;02;8;#REF!;2541798,17;#REF!;B;M1070033;
209;M1070034;MC;M107;CORREIA 5VX 1060;PC;02;16;#REF!;2541798,17;#REF!;A;M1070034;
210;M1070054;MC;M107;CORREIA DENTADA 5 VX 950;PC;02;8;#REF!;2541798,17;#REF!;B;M1070054;
211;M1070057;MC;M107;COLARINHO FLEXIVEL TREVIRA 228INT. 130MM;PC;02;2;#REF!;2541798,17;#REF!;B;M1070057;
212;M1070058;MC;M107;CORREIA B 162;PC;02;24;#REF!;2541798,17;#REF!;A;M1070058;
213;M1070059;MC;M107;CORREIA HNV 12300 X 640 LISA;PC;02;1;#REF!;2541798,17;#REF!;B;M1070059;
214;M1070061;MC;M107;CORREIA 5VX 0710 GOODYEAR;PC;02;12;#REF!;2541798,17;#REF!;B;M1070061;
215;M1070062;MC;M107;CORREIA B 150;PC;02;12;#REF!;2541798,17;#REF!;A;M1070062;
216;M1070063;MC;M107;CORREIA B 168;PC;02;16;#REF!;2541798,17;#REF!;B;M1070063;
217;M1070064;MC;M107;CORREIA B 52;PC;02;12;#REF!;2541798,17;#REF!;B;M1070064;
218;M1070066;MC;M107;CORREIA B165;PC;02;20;#REF!;2541798,17;#REF!;B;M1070066;
219;M1070068;MC;M107;CORREIA C84;PC;02;5;#REF!;2541798,17;#REF!;B;M1070068;
220;M1070069;MC;M107;CORREIA C90;PC;02;6;#REF!;2541798,17;#REF!;B;M1070069;
221;M1070078;MC;M107;CORREIA DENTADA QXPC 4250 -FENNER QUATTRO PLUS - EREMA;PC;02;12;#REF!;2541798,17;#REF!;A;M1070078;
222;M1070079;MC;M107;CORREIA DENTADA QXPC3150 - FENNER QUATTRO PLUS  - EREMA;PC;02;9;#REF!;2541798,17;#REF!;A;M1070079;
223;M1070080;MC;M107;CORREIA HNV BB80 7400 X 470 COM TALISCA;PC;02;1;#REF!;2541798,17;#REF!;A;M1070080;
224;M1070087;MC;M107;CORREIA HNV 10/4 U0/V5 A VERDE  - ESP.3MM - EREMA;PC;02;1;#REF!;2541798,17;#REF!;A;M1070087;
225;M1070089;MC;M107;CORREIA PERFIL SPC 5000 LW  OPTIBELT - STF;PC;02;29;#REF!;2541798,17;#REF!;A;M1070089;
226;M1070092;MC;M107;CORREIA SPA1432 LW OPTIBELT - STF;PC;02;10;#REF!;2541798,17;#REF!;B;M1070092;
227;M1070093;MC;M107;CORREIA SPA 2532 LW OPTIBELT- STF;PC;02;15;#REF!;2541798,17;#REF!;A;M1070093;
228;M1070094;MC;M107;CORREIA C75;PC;02;15;#REF!;2541798,17;#REF!;B;M1070094;
229;M1070096;MC;M107;CORREIA C82;PC;02;20;#REF!;2541798,17;#REF!;A;M1070096;
230;M1070099;MC;M107;CORREIA C86;PC;02;12;#REF!;2541798,17;#REF!;B;M1070099;
231;M1080001;MC;M108;FLAP DISC 7 POL 80;PC;02;42;#REF!;2541798,17;#REF!;B;M1080001;
232;M1080009;MC;M108;FLAP DISC 4.1/2 POL 80;PC;02;118;#REF!;2541798,17;#REF!;B;M1080009;
233;M1080019;MC;M108;DISCO CORTE 4.1/2 X 3/64 X 7/8 - INOX;PC;02;86;#REF!;2541798,17;#REF!;B;M1080019;
234;M1090020;MC;M109;CADEADO E 25;PC;02;20;#REF!;2541798,17;#REF!;B;M1090020;
235;M1090207;MC;M109;CHAPA PRETA 1/8 3MM X 1000 X 2000;PC;02;1;#REF!;2541798,17;#REF!;B;M1090207;
236;M1090217;MC;M109;CHAPA FRISO DOBRADA;PC;02;33;#REF!;2541798,17;#REF!;A;M1090217;
237;M1090220;MC;M109;CINTA DE INOX 1310X3/8-FECHADA;PC;02;1;#REF!;2541798,17;#REF!;A;M1090220;
238;M1090225;MC;M109;CHAPA DE FUNDO REDONDA INOX-1298X3/8;PC;02;1;#REF!;2541798,17;#REF!;A;M1090225;
239;M1090279;MC;M109;"CANT. 3"" X 3"" X 1/2""";PC;02;2;#REF!;2541798,17;#REF!;A;M1090279;
240;M1090286;MC;M109;CHAPA FUNDO REDONDO INOX 1195 X 3/8;PC;02;1;#REF!;2541798,17;#REF!;A;M1090286;
241;M1090296;MC;M109;"TUBO 2"" SCHEDULE 40 S/ COSTURA";PC;02;4;#REF!;2541798,17;#REF!;B;M1090296;
242;M1090304;MC;M109;FLANGE 90X90 - FLUTUANTE;PC;02;5;#REF!;2541798,17;#REF!;B;M1090304;
243;M1090316;MC;M109;TUBO P/ SUPORTE INJECAO CRUZETA;PC;02;20;#REF!;2541798,17;#REF!;B;M1090316;
244;M1090369;MC;M109;CANALETA RECORTADA PARA PEINAL 80 X 50 PVC;PC;02;13;#REF!;2541798,17;#REF!;B;M1090369;
245;M1090578;MC;M109;OLHAL SOLD. LBS-05T;PC;02;3;#REF!;2541798,17;#REF!;B;M1090578;
246;M1100014;MC;M110;ARAME P/ SOLDA MIG 1MM  - 18 KILOS;KG;02;18;#REF!;2541798,17;#REF!;B;M1100014;
247;M1100019;MC;M110;BROCA DIREITA 19MM;PC;02;12;#REF!;2541798,17;#REF!;B;M1100019;
248;M1100077;MC;M110;ESMERILHADEIRA 5´´  (125MM) DEWALT;PC;02;2;#REF!;2541798,17;#REF!;B;M1100077;
249;M1100078;MC;M110;CALIBRADOR DE FOLGA EM ROLO 10 X 0.03MM -7,6;PC;02;2;#REF!;2541798,17;#REF!;B;M1100078;
250;M1100193;MC;M110;ESPATULA FORJADA 10 CM - PACETTA;PC;02;13;#REF!;2541798,17;#REF!;B;M1100193;
251;M1100219;MC;M110;CINTA ELEVACAO 4GANCHOS 1500KG;PC;02;1;#REF!;2541798,17;#REF!;B;M1100219;
252;M1100265;MC;M110;"ELETRODO OK 48 Ø 1/8""";KG;02;30;#REF!;2541798,17;#REF!;B;M1100265;
253;M1100272;MC;M110;"CHAVE DE IMPACTO PNEUMATICA 1/2"" STANLEY 97006";PC;02;1;#REF!;2541798,17;#REF!;B;M1100272;
254;M1100280;MC;M110;FITA ISOLANTE 3M SCOTCH 33+;PC;02;18;#REF!;2541798,17;#REF!;B;M1100280;
255;M1100287;MC;M110;TESOURA ALFAIATE 490-12;PC;02;1;#REF!;2541798,17;#REF!;B;M1100287;
256;M1100343;MC;M110;TOCHA MIG;PC;02;1;#REF!;2541798,17;#REF!;B;M1100343;
257;M1100419;MC;M110;CINTA DE INOX 1200 X 250 X 3/8  FECHADA;PC;02;1;#REF!;2541798,17;#REF!;A;M1100419;
258;M1100420;MC;M110;CHUMBADOR PBA 1/2X5.1/2;PC;02;96;#REF!;2541798,17;#REF!;B;M1100420;
259;M1100429;MC;M110;MACHO MANUAL ACO RAP. 3/4-10;JG;02;1;#REF!;2541798,17;#REF!;B;M1100429;
260;M1100434;MC;M110;BROCA ESQUERDA 19MM;PC;02;2;#REF!;2541798,17;#REF!;B;M1100434;
261;M1100541;MC;M110;BROCA FRESA FORSTNER 60MM COM DENTES FRESADOS;PC;02;3;#REF!;2541798,17;#REF!;B;M1100541;
262;M1100600;MC;M110;"SOQUETE DE IMPACTO SEXT. 17MM - 3/4"" - INK32-17 - GEDORE";PC;02;0;#REF!;2541798,17;#REF!;B;M1100600;
263;M1100615;MC;M110;"CHAVE SOQUETE DE IMPACTO PONTA ALLEN 17MM ENCAIXE DE 3/4  - GEDORE-23180			";PC;02;6;#REF!;2541798,17;#REF!;B;M1100615;
264;M1100645;MC;M110;BATERIA BA223030 (6.6V=/2100MAH) P/CONTROLE DE TALHA;PC;02;1;#REF!;2541798,17;#REF!;B;M1100645;
265;M1100652;MC;M110;GRAMPEADOR TAPECEIRO ALTA PRESSAO ID-9987B MATRIX;PC;02;4;#REF!;2541798,17;#REF!;B;M1100652;
266;M1100689;MC;M110;CHAVE COMBINADA 46;PC;02;4;#REF!;2541798,17;#REF!;B;M1100689;
267;M1100702;MC;M110;ALICATE AMPERIMETRO DIGITAL 302 - FLUKE;PC;02;3;#REF!;2541798,17;#REF!;B;M1100702;
268;M1110019;MC;M111;PERFIL DE BORRACHA  BRANCA;MT;02;4.6;#REF!;2541798,17;#REF!;B;M1110019;
269;M1110023;MC;M111;OBTURADOR EMBORRACHADO - MP 3150;UN;02;4;#REF!;2541798,17;#REF!;B;M1110023;
270;M1120013;MC;M112;MANGUEIRA DE AR 1/2 500PSI;MT;02;50;#REF!;2541798,17;#REF!;B;M1120013;
271;M1120033;MC;M112;"MANGUEIRA 1SN DN38 DIN EN853 SAE 100 R1AT Ø 1.1/2""";MT;02;8.1;#REF!;2541798,17;#REF!;B;M1120033;
272;M1120045;MC;M112;MANGUEIRA PU VACUO ESP. ACO 102MM;MT;02;5;#REF!;2541798,17;#REF!;B;M1120045;
273;M1120450;MC;M113;TUBO FLEX,PVC KANAFLEX KE 65 - 2,1/2 AZUL;MT;02;25;#REF!;2541798,17;#REF!;A;M1120450;
274;M1120451;MC;M113;"TUBO FLEX,PVC KEF 50 - 2"" BRANCO";MT;02;10;#REF!;2541798,17;#REF!;B;M1120451;
275;M2010013;MC;M201;CHAVE PARTIDA 15CV 220V;UN;02;2;#REF!;2541798,17;#REF!;B;M2010013;
276;M2010028;MC;M201;INDICADOR E CONTROLADOR HW7000 LRRR -IA 24V -COEL;UN;02;1;#REF!;2541798,17;#REF!;B;M2010028;
277;M2010037R;MC;M201;CELULA DE CARGA ACO INOXIDAVEL 2.200KG IP68;PC;02;1;#REF!;2541798,17;#REF!;B;M2010037R;
278;M2010053;MC;M201;BOTOEIRA P/ TALHA LARANJA HY 1022 6A;PC;02;3;#REF!;2541798,17;#REF!;B;M2010053;
279;M2010076;MC;M201;RELE ESTADO SOLIDO P/ TRILHO DIN 24 45A SSM1A45BD;PC;02;1;#REF!;2541798,17;#REF!;B;M2010076;
280;M2010087;MC;M201;RELE DE SEGURANCA 3TK2825 24VD;PC;02;1;#REF!;2541798,17;#REF!;B;M2010087;
281;M2010089;MC;M201;TEMPORIZADOR LWKT;PC;02;1;#REF!;2541798,17;#REF!;B;M2010089;
282;M2010092;MC;M201;INDICADOR E CONTROLADOR HW4300 L 3QCSI 100 A 240V - COEL;PC;02;1;#REF!;2541798,17;#REF!;B;M2010092;
283;M2010097;MC;M201;SENSOR INDUTIVO BES 516-105-SA2-05 - BALLUFF;PC;02;4;#REF!;2541798,17;#REF!;A;M2010097;
284;M2010117;MC;M201;CHAVE SECCIONADOR SP160 NH00;PC;02;1;#REF!;2541798,17;#REF!;B;M2010117;
285;M2010124;MC;M201;CONTATOR POTENCIA CWM50 220V;PC;02;1;#REF!;2541798,17;#REF!;B;M2010124;
286;M2010129;MC;M201;CONTATOR CWM 12 10 E;PC;02;4;#REF!;2541798,17;#REF!;B;M2010129;
287;M2010135;MC;M201;CONTATOR LC1 D 18;PC;02;5;#REF!;2541798,17;#REF!;B;M2010135;
288;M2010137;MC;M201;CONTATOR CAD 32;PC;02;3;#REF!;2541798,17;#REF!;B;M2010137;
289;M2010162;MC;M201;BATERIA 12V 40A  P/LUMINARIA DE EMERGENCIA AUREOLUX BLH 55N;PC;02;1;#REF!;2541798,17;#REF!;B;M2010162;
290;M2010187;MC;M201;RELE ESTADO SOLIDO 40A 3RF23 40-1AA02 24V DC - SIEMENS;PC;02;4;#REF!;2541798,17;#REF!;B;M2010187;
291;M2010195;MC;M201;POTENCIOMENTRO SIMPLES  10K;PC;02;18;#REF!;2541798,17;#REF!;B;M2010195;
292;M2010200;MC;M201;CONTATOR CWM40 220V;PC;02;2;#REF!;2541798,17;#REF!;B;M2010200;
293;M2010203;MC;M201;CHAVE SECCIONADORA SP400 HOLEC;PC;02;1;#REF!;2541798,17;#REF!;B;M2010203;
294;M2010205;MC;M201;CHAVE PARTIDA-PDW02-3V40(3CV) - 380V;PC;02;2;#REF!;2541798,17;#REF!;B;M2010205;
295;M2010223;MC;M201;BOTOEIRA P/ TALHA SWH4 (BOMAN);PC;02;2;#REF!;2541798,17;#REF!;B;M2010223;
296;M2010234;MC;M201;PAINEL DE INVERSOR HMI 01 CFW11 WEG;PC;02;1;#REF!;2541798,17;#REF!;B;M2010234;
297;M2010235;MC;M201;CONTATOR CWB9 11 30 C03 24 VDC - WEG;PC;02;3;#REF!;2541798,17;#REF!;B;M2010235;
298;M2010236;MC;M201;CONTATOR 3RT1025-1B - 24VCC-SIEMENS;PC;02;1;#REF!;2541798,17;#REF!;B;M2010236;
299;M2010240;MC;M201;TEMPORIZADOR AY15S-24 VCA/CC-1,5A15SEG-COEL;PC;02;1;#REF!;2541798,17;#REF!;B;M2010240;
300;M2010244;MC;M201;BOTAO COMUTADOR CSW CK2F45;PC;02;13;#REF!;2541798,17;#REF!;B;M2010244;
301;M2010256;MC;M201;CONTROLADOR DE TEMPERATURA C0414-4RRS-0 85-265V;PC;02;2;#REF!;2541798,17;#REF!;B;M2010256;
302;M2010262;MC;M201;CHAVE SECCIONADORA 400A - SFW400 WEG;PC;02;2;#REF!;2541798,17;#REF!;B;M2010262;
303;M2010273;MC;M201;POTENCIOMETRO 5K  SIMPLES;PC;02;6;#REF!;2541798,17;#REF!;B;M2010273;
304;M2010276;MC;M201;INVERSOR FREQUENCIA TRIFASICO 380-480V 16A 7,5KW WEG;PC;02;1;#REF!;2541798,17;#REF!;A;M2010276;
305;M2010277;MC;M201;GANCHO P/ TALHA CL 1000-CAP. 2,0 TON;PC;02;1;#REF!;2541798,17;#REF!;B;M2010277;
306;M2010278;MC;M201;SACOLA TIPO LONA P/ CORRENTE P/TALHA ELETRICA MOD.KE-90  CAP.2000KG;PC;02;1;#REF!;2541798,17;#REF!;B;M2010278;
307;M2010281;MC;M201;FONTE CHAV.FC03-24V-3A-72W-METALICA 13275;PC;02;2;#REF!;2541798,17;#REF!;B;M2010281;
308;M2010300;MC;M201;BOTAO COMUTADOR KNOB (CSW-CA3R45)3P RETORNO POR MOLA;PC;02;6;#REF!;2541798,17;#REF!;B;M2010300;
309;M2010311;MC;M201;CONTATOR MAGNETICO CMH10 SWITCH CHEIL 48-50V 50/60HZ;PC;02;2;#REF!;2541798,17;#REF!;B;M2010311;
310;M2010312;MC;M201;CONTROLADOR DE TEMPERATURA HW4200 S-4Q 100 A 240 VCA (COEL);PC;02;1;#REF!;2541798,17;#REF!;B;M2010312;
311;M2010317;MC;M201;SACOLA TIPO LONA P/ CORRENTE P/TALHA ELETRICA MOD.KE-90  CAP.1000KG;UN;02;3;#REF!;2541798,17;#REF!;B;M2010317;
312;M2010319;MC;M201;CHAVE FIM DE CURSO FM8104 380VAC 220VDC 5A  (METALTEX);PC;02;1;#REF!;2541798,17;#REF!;B;M2010319;
313;M2010320;MC;M201;CHAVE DE ALAVANCA MANIPULADORA 2NA+2NF PA22 C/RETORNO AO CENTRO;PC;02;2;#REF!;2541798,17;#REF!;B;M2010320;
314;M2010324;MC;M201;MICRO FIM DE CURSO CAM SWITCH HY- SQ5-GP1 (P/TALHA);PC;02;2;#REF!;2541798,17;#REF!;B;M2010324;
315;M2010326;MC;M201;FONTE CHAVEADA PRO ECO 120W, 24V, 5A -WEIDMÜLLER;PC;02;1;#REF!;2541798,17;#REF!;B;M2010326;
316;M2010327;MC;M201;RELE INTERFACE Q1R -220VAC 8A -METALTEX;PC;02;4;#REF!;2541798,17;#REF!;B;M2010327;
317;M2010350;MC;M201;CHAVE SECCIONADORA  3NP11631BC10 630A (DESC) SIEMENS;PC;02;2;#REF!;2541798,17;#REF!;A;M2010350;
318;M2010354;MC;M201;MODULO COMUNICACAO KRS-485-CFW08;PC;02;2;#REF!;2541798,17;#REF!;B;M2010354;
319;M2010361;MC;M201;PROGRAMADOR SEQÜENCIADOR ELETRONICO  10-220/24-200” COD1007165 10 SAIDAS S/CAIXA;PC;02;1;#REF!;2541798,17;#REF!;A;M2010361;
320;M2010363;MC;M201;VALVULA SOLENOIDE PARA  TROCADOR DE CALOR (18715000000) - EREMA;PC;02;2;#REF!;2541798,17;#REF!;A;M2010363;
321;M2010364;MC;M201;RELE ESTADO SOLIDO SR1-1240 AUTONICS;PC;02;2;#REF!;2541798,17;#REF!;B;M2010364;
322;M2010365;MC;M201;RELE PROGRAMAVEL CLW-02/20HR-D 3RD;PC;02;1;#REF!;2541798,17;#REF!;B;M2010365;
323;M2010369;MC;M201;RELE ESTADO SOLIDO 3RF2320-1AA45 SIEMENS  -EREMA;PC;02;3;#REF!;2541798,17;#REF!;B;M2010369;
324;M2010375;MC;M201;FLANGE DOS BOTOES AF3X10 -WEG;PC;02;55;#REF!;2541798,17;#REF!;B;M2010375;
325;M2010376;MC;M201;DISJUNTOR MOTOR DE 20 A 25 A -  SCHNEIDER -EREMA;PC;02;3;#REF!;2541798,17;#REF!;B;M2010376;
326;M2010377;MC;M201;RELE ESTADO SOLIDO 50A ZG3NC-350B;PC;02;4;#REF!;2541798,17;#REF!;B;M2010377;
327;M2010409;MC;M201;CHAVE SEGURANCA TZ1LE024M-VAB  - EUCHNER   COD.083965 - EREMA;PC;02;2;#REF!;2541798,17;#REF!;A;M2010409;
328;M2010410;MC;M201;CHAVE SEGURANCA TZ1RE024M-VAB - EUCHNER   COD.083966  - EREMA;PC;02;1;#REF!;2541798,17;#REF!;A;M2010410;
329;M2010412;MC;M201;ATUADOR RADIAL NZ/TZ COD.057950 - EUCHNER  - EREMA;PC;02;2;#REF!;2541798,17;#REF!;B;M2010412;
330;M2010414;MC;M201;FONTE AC LINHA 3000 MOD. FAC3100 REV6;PC;02;1;#REF!;2541798,17;#REF!;B;M2010414;
331;M2010415;MC;M201;RELE DE SEGURANCA PSWZ X1P 0,5V/24-240VACDC 2N/0 1N/C 2S0 -EREMA;PC;02;1;#REF!;2541798,17;#REF!;A;M2010415;
332;M2010420;MC;M201;CONTROLADOR TEMPERAT DIG 2NF 24VCA/CC HW4300/L-3CSI COEL;PC;02;1;#REF!;2541798,17;#REF!;B;M2010420;
333;M2010421;MC;M201;MODULO COMUNICACAO RS485-01 -  (MODBUS);PC;02;1;#REF!;2541798,17;#REF!;B;M2010421;
334;M2010446;MC;M201;RESISTOR FIO 10W  1K   - FORMATO RETANGULAR;PC;02;25;#REF!;2541798,17;#REF!;B;M2010446;
335;M2010479;MC;M201;SENSOR DE PH - SC22 - 5 M;PC;02;2;#REF!;2541798,17;#REF!;B;M2010479;
336;M2010489;MC;M201;INDICADOR E CONTROLADOR HW7000 HCRR - IA  240V - COEL;UN;02;3;#REF!;2541798,17;#REF!;B;M2010489;
337;M2010558;MC;M201;BLOCO CONTATO AUX 4NA BFB-40 12122947;PC;02;10;#REF!;2541798,17;#REF!;B;M2010558;
338;M2010569;MC;M201;SENSOR MAGNETICO SSM5 FUNCAO SEGURANCA NR12 - WEG;PC;02;3;#REF!;2541798,17;#REF!;B;M2010569;
339;M2010570;MC;M201;RELE DE SEGURANCA MSR127TP 24VAC/DC ALLEN-BRADLEY;PC;02;1;#REF!;2541798,17;#REF!;B;M2010570;
340;M2010630;MC;M201;CHAVE DE NIVEL VIBRATORIA PARA PRODUTOS SOLIDOS GRANULADOS  VEGAVIB 61;PC;02;1;#REF!;2541798,17;#REF!;A;M2010630;
341;M2010636;MC;M201;CONTATOR 40A 24-27VDC DILM40-RDC24 - MOELLER;PC;02;2;#REF!;2541798,17;#REF!;A;M2010636;
342;M2010657;MC;M201;MODULO I/O CFW500-IOAD;PC;02;1;#REF!;2541798,17;#REF!;B;M2010657;
343;M2010660R;MC;M201;CELULA DE CARGA SUPER CARCARA 4400KG;PC;02;5;#REF!;2541798,17;#REF!;A;M2010660R;
344;M2010670;MC;M201;INVERSOR DE FREQUENCIA 8400 STATELINE - E84AVSCE3024SXS-XXXXX 0-599 HZ;PC;02;1;#REF!;2541798,17;#REF!;A;M2010670;
345;M2010676;MC;M201;"PT 100 Ø6X100MM ROSCA 1/2""NPT";PC;02;1;#REF!;2541798,17;#REF!;B;M2010676;
346;M2010677;MC;M201;BOBINA P/ EVP/NC DN15;PC;02;1;#REF!;2541798,17;#REF!;B;M2010677;
347;M2010678;MC;M201;BOBINA P/ EVPF/NC DN15;PC;02;1;#REF!;2541798,17;#REF!;B;M2010678;
348;M2010679;MC;M201;BOBINA P/ EVPS/NC DN15;PC;02;2;#REF!;2541798,17;#REF!;B;M2010679;
349;M2010685;MC;M201;CELULA CARGA SPL-20KG CABO 3M;UN;02;1;#REF!;2541798,17;#REF!;B;M2010685;
350;M2010686;MC;M201;CELULA CARGA SPL-15KG CABO 3M;UN;02;1;#REF!;2541798,17;#REF!;B;M2010686;
351;M2010688;MC;M201;SECCIONADORA ROTATIVA MSW 160 B-3 H;UN;02;1;#REF!;2541798,17;#REF!;B;M2010688;
352;M2010692;MC;M201;SIST EXAUSTAO BR BIVOLT CVT31003 IP 54 RAL7032;PC;02;1;#REF!;2541798,17;#REF!;B;M2010692;
353;M2010702;MC;M201;SIRENE AUDIOVISUAL 12/24 VCC - ASAV 1224;PC;02;2;#REF!;2541798,17;#REF!;B;M2010702;
354;M2010706;MC;M201;RELE ESTADO SOLIDO 35/40 AMP 3 -32VDC / 24 -480VAC;PC;02;6;#REF!;2541798,17;#REF!;B;M2010706;
355;M2010708;MC;M201;CONTROLE REMOTO MOD. SAGA1L8B-4C-2VEL;PC;02;1;#REF!;2541798,17;#REF!;A;M2010708;
356;M2010717;MC;M201;VENTILADOR P/ INVERSOR VN0110148 FAN 172X150X51  24VCC 480M3/H - 4CC;UN;02;1;#REF!;2541798,17;#REF!;A;M2010717;
357;M2020021;MC;M202;LANCE DE CABO 6 MTS P/ BOTOEIRA 1,5X4  (C/CABO DE ACO EMBUTIDO);PC;02;4;#REF!;2541798,17;#REF!;A;M2020021;
358;M2020094;MC;M202;CABO FLEXIVEL 25MM PRETO;MT;02;52.5;#REF!;2541798,17;#REF!;B;M2020094;
359;M2020125;MC;M202;CABO FLEX.1X35MM² -750V-VERDE;MT;02;40;#REF!;2541798,17;#REF!;B;M2020125;
360;M2020126;MC;M202;CABO FLEX MULTIVIAS 20X1MM;MT;02;20;#REF!;2541798,17;#REF!;B;M2020126;
361;M2020128;MC;M202;CABO DE SILICONE 6MM-ALTA TEMPERATURA;MT;02;146;#REF!;2541798,17;#REF!;B;M2020128;
362;M2020166;MC;IMP;FIO DE LUZ BAUMER 1,5M  - EREMA;UN;02;;#REF!;2541798,17;#REF!;B;M2020166;
363;M2020219;MC;M202;CABO DE COMANDO BOTOEIRA DA TALHA SSI CORRENTE CAPACIDADE 02 TONELADAS (6 METROS;PC;02;1;#REF!;2541798,17;#REF!;B;M2020219;
364;M2030040;MC;M203;RESIST CERAMICA 250X95 2600W 230V - RESISTENCIA CABO MIN 300°;PC;02;3;#REF!;2541798,17;#REF!;A;M2030040;
365;M2030043;MC;M203;RESIST 370X57.5 2400W 230V;PC;02;3;#REF!;2541798,17;#REF!;A;M2030043;
366;M2030044;MC;M203;RESIST C 360X117.5 4600W 230V;PC;02;2;#REF!;2541798,17;#REF!;A;M2030044;
367;M2030045;MC;M203;RESIST 370X50 2100W 230V;PC;02;2;#REF!;2541798,17;#REF!;B;M2030045;
368;M2030051;MC;M203;RESIST COL 170X80 1500W 260V;PC;02;2;#REF!;2541798,17;#REF!;B;M2030051;
369;M2030059;MC;M203;RESIST 290X4 2000W 230V;PC;02;2;#REF!;2541798,17;#REF!;B;M2030059;
370;M2030063;MC;M203;RESIST CART 189.5X560 2000W;PC;02;4;#REF!;2541798,17;#REF!;A;M2030063;
371;M2030064;MC;M203;RESIST TUB 366X8.2 2500W 230V;PC;02;1;#REF!;2541798,17;#REF!;B;M2030064;
372;M2030067;MC;M203;RESIST WORT 1900W 230V OP23011;PC;02;3;#REF!;2541798,17;#REF!;B;M2030067;
373;M2030070;MC;M203;RESIST WORT 1200W 220V OP23098;PC;02;4;#REF!;2541798,17;#REF!;B;M2030070;
374;M2030071;MC;M203;RESIST WORT 650W 220V MAD3009;PC;02;8;#REF!;2541798,17;#REF!;A;M2030071;
375;M2030073;MC;M203;RESIST PLANA DE ALUM 6000W 380V OF18073;PC;02;3;#REF!;2541798,17;#REF!;A;M2030073;
376;M2030075;MC;M203;RESIST COL 90X150 1200W 380V;PC;02;2;#REF!;2541798,17;#REF!;B;M2030075;
377;M2030076;MC;M203;RESIST COL 170X65 1200W230;PC;02;13;#REF!;2541798,17;#REF!;A;M2030076;
378;M2030078;MC;M203;RESIST 110X150 1200W 380V;PC;02;6;#REF!;2541798,17;#REF!;B;M2030078;
379;M2030079;MC;M203;RESIST 110X50 550W 380V;PC;02;2;#REF!;2541798,17;#REF!;B;M2030079;
380;M2030081;MC;M203;RESIST HBM 90X125 1000W 380V;PC;02;4;#REF!;2541798,17;#REF!;A;M2030081;
381;M2030082;MC;M203;RESIST HBM 90X105 825W 380V;PC;02;2;#REF!;2541798,17;#REF!;B;M2030082;
382;M2030083;MC;M203;RESIST COL 172X95 2100W 220V;PC;02;2;#REF!;2541798,17;#REF!;B;M2030083;
383;M2030085;MC;M203;RESIST COL 275X60 1650W 220V;PC;02;3;#REF!;2541798,17;#REF!;B;M2030085;
384;M2030087;MC;M203;RESIST 90X80 600W 380V;PC;02;6;#REF!;2541798,17;#REF!;B;M2030087;
385;M2030089;MC;M203;RESIST 210X230 2250W 380V;PC;02;1;#REF!;2541798,17;#REF!;B;M2030089;
386;M2030093;MC;M203;RESIST COL 105X185 2000W 380V;PC;02;12;#REF!;2541798,17;#REF!;A;M2030093;
387;M2030101;MC;M203;RESIT 110X90 380W 380V;PC;02;1;#REF!;2541798,17;#REF!;B;M2030101;
388;M2030104;MC;M203;RESIST WORT 4500W 230V OP24306;PC;02;3;#REF!;2541798,17;#REF!;B;M2030104;
389;M2030106;MC;M203;RESIST WORT 1450W 230V OP24288;PC;02;4;#REF!;2541798,17;#REF!;B;M2030106;
390;M2030107;MC;M203;RESIST WORT1600W 230V OP24304;PC;02;2;#REF!;2541798,17;#REF!;B;M2030107;
391;M2030109;MC;M203;RESIST WORT 3900W 230V OP24302;PC;02;1;#REF!;2541798,17;#REF!;B;M2030109;
392;M2030111;MC;M203;RESIST WORT 2000W 230V OP24303;PC;02;1;#REF!;2541798,17;#REF!;B;M2030111;
393;M2030114;MC;M203;RESIST WORT 850W 230V HAD3010;PC;02;4;#REF!;2541798,17;#REF!;B;M2030114;
394;M2030115;MC;M203;RESIST WORT 2400W 230V OP22275;PC;02;2;#REF!;2541798,17;#REF!;B;M2030115;
395;M2030117;MC;M203;RESIST 915W 380V OP24566;PC;02;3;#REF!;2541798,17;#REF!;B;M2030117;
396;M2030119;MC;M203;RESIST 1800W230V OP24350;PC;02;2;#REF!;2541798,17;#REF!;B;M2030119;
397;M2030120;MC;M203;RESIST 3/4 LUA EM CERAMICA Ø 250 X 125 MM 2.100 W X 230 V  OP22643;PC;02;2;#REF!;2541798,17;#REF!;B;M2030120;
398;M2030126;MC;M203;RESIST 112X140MM 1110W 230V;PC;02;1;#REF!;2541798,17;#REF!;B;M2030126;
399;M2030130;MC;M203;RESIST3/4-Ø170X177,5MM-1100W+1650WX380V;PC;02;3;#REF!;2541798,17;#REF!;B;M2030130;
400;M2030131;MC;M203;RESIT PLANA ALUM 3000W 380V OF.65012;PC;02;1;#REF!;2541798,17;#REF!;A;M2030131;
401;M2030134;MC;M203;RESIST. COLEIRA -CERAMICA 210X95MM-2600WX230V;PC;02;6;#REF!;2541798,17;#REF!;A;M2030134;
402;M2030135;MC;M203;RESIST.COLEIRA-MICA 200X80MM-1600WX230V;PC;02;4;#REF!;2541798,17;#REF!;B;M2030135;
403;M2030139;MC;M203;RESIST.COLEIRA CERAMICA 260X95MM-2500WX230V;PC;02;3;#REF!;2541798,17;#REF!;B;M2030139;
404;M2030140;MC;M203;RESIST.COLEIRA MICA 180X80MM-1400WX230V;PC;02;3;#REF!;2541798,17;#REF!;B;M2030140;
405;M2030141;MC;M203;"RESIST.PLANA CERAMICA ""L""460X355X100MM-3200WX230V";PC;02;1;#REF!;2541798,17;#REF!;B;M2030141;
406;M2030144;MC;M203;RESIST CARTUCHO Ø 3/4 X 180 MM 1.100W X 230V  HAD3332 CONDUITE:800MM;PC;02;5;#REF!;2541798,17;#REF!;B;M2030144;
407;M2030145;MC;M203;RESIST. COLEIRA MICA Ø76 X 200MM 750W 380V;PC;02;2;#REF!;2541798,17;#REF!;B;M2030145;
408;M2030151;MC;M203;PROTECAO TERMICA BIPARTIDA HTC 9322 1409;PC;02;3;#REF!;2541798,17;#REF!;B;M2030151;
409;M2030155;MC;M203;RESIST. COLEIRA EM CERAMICA  Ø170X125MM;PC;02;1;#REF!;2541798,17;#REF!;B;M2030155;
410;M2030156;MC;M203;RESIST COLEIRA EM CERAMICA Ø300X85MM 1750W X 230V;PC;02;3;#REF!;2541798,17;#REF!;B;M2030156;
411;M2030157;MC;M203;RESIST 1/4 DE LUA EM CERAMICA  Ø150X100MM 600W X 230V;PC;02;4;#REF!;2541798,17;#REF!;B;M2030157;
412;M2030158;MC;M203;RESIST COLEIRA EM CERAMICA  Ø 290X177,5MM 3650W X 230V;PC;02;2;#REF!;2541798,17;#REF!;A;M2030158;
413;M2030160;MC;M203;CONJ. RESIST PLANA  -2PCS 530MMX100MM 1955WX230V -2PCS 430MMX100MM 1565WX230V;PC;02;1;#REF!;2541798,17;#REF!;A;M2030160;
414;M2030161;MC;M203;CONJ. RESIST PLANA  -2PCS 460MMX100MM 1825WX230V - 2PCS 355MMX100MM 1375X230V;PC;02;1;#REF!;2541798,17;#REF!;A;M2030161;
415;M2030162;MC;M203;RESISTENCIA COLEIRA MICA EM INOX DM 285 X 40 380V 1200W  - EREMA;PC;02;2;#REF!;2541798,17;#REF!;B;M2030162;
416;M2030163;MC;M203;RESISTENCIA COLEIRA MICA DM 280 X 100 2800W 380V  - EREMA;PC;02;3;#REF!;2541798,17;#REF!;B;M2030163;
417;M2030165;MC;M203;CONJ. RESIST 02-PLANAS 522X100X30 - 1995W 230V CABO C/CONDUITE 4MMX1500MM;CJ;02;2;#REF!;2541798,17;#REF!;A;M2030165;
418;M2030167;MC;M203;RESIST PLANA EM MICA 356 X 260 MM  2550 W X 380/420 V - EREMA;PC;02;2;#REF!;2541798,17;#REF!;B;M2030167;
419;M2030168;MC;M203;RESIST COLEIRA EM MICA Ø 230 X 216 MM 3200 W X 380/420 - EREMA;PC;02;2;#REF!;2541798,17;#REF!;B;M2030168;
420;M2030171;MC;M203;RESIST COLEIRA EM MICA Ø 210 X 36 MM  400 W X 380/420 V  - EREMA;PC;02;2;#REF!;2541798,17;#REF!;B;M2030171;
421;M2030173;MC;M203;RESIST COLEIRA EM MICA Ø 285 X 40 MM 1200 W X 380/420 V - EREMA;PC;02;1;#REF!;2541798,17;#REF!;B;M2030173;
422;M2030174;MC;M203;RESIST COLEIRA EM MICA Ø 285 X 100 MM 1200 W X 380/420 V - EREMA;PC;02;3;#REF!;2541798,17;#REF!;B;M2030174;
423;M2030176;MC;M203;CONJ. RESIST 02-PLANAS 347X100X30 - 1375W 230V CABO C/CONDUITE 4MMX1500MM;CJ;02;1;#REF!;2541798,17;#REF!;A;M2030176;
424;M2030177;MC;M203;RESIST COLEIRA EM MICA Ø 230 X310 MM  -4400 W X 3X380V - EREMA;PC;02;5;#REF!;2541798,17;#REF!;A;M2030177;
425;M2030178;MC;M203;RESIST COLEIRA EM MICA Ø 230 X220 MM  -3200 W X 3X380V - EREMA;PC;02;1;#REF!;2541798,17;#REF!;B;M2030178;
426;M2030179;MC;M203;RESIST 1000W 230V OP 31608;PC;02;2;#REF!;2541798,17;#REF!;B;M2030179;
427;M2030180;MC;M203;RESIST WORT 3500W 230V CERAMICA OP 31609;PC;02;1;#REF!;2541798,17;#REF!;B;M2030180;
428;M2030182;MC;M203;RESIST COLEIRA EM CERAMICA Ø 150 X 80 MM 1.200 W X 220 V  -3CC;PC;02;3;#REF!;2541798,17;#REF!;B;M2030182;
429;M2030183;MC;M203;RESIST COLEIRA EM CERAMICA Ø 150 X 50 MM 750 W X 220 V -3CC;PC;02;1;#REF!;2541798,17;#REF!;B;M2030183;
430;M2030186;MC;M203;RESIST COLEIRA CERAMICA WEXT1304CC210100;PC;02;2;#REF!;2541798,17;#REF!;B;M2030186;
431;M2030188;MC;M203;RESIST COLEIRA CERAMICA WEXT1304CC20080;PC;02;4;#REF!;2541798,17;#REF!;B;M2030188;
432;M2030192;MC;M203;"RESIST ""L"" CERAMICA WCT1804CC13590";PC;02;2;#REF!;2541798,17;#REF!;B;M2030192;
433;M2030193;MC;M203;RESIST TIPO CARTUCHO WCT1804CC193160;PC;02;4;#REF!;2541798,17;#REF!;B;M2030193;
434;M2030194;MC;M203;RESIST PLANA MICA FUNIL WCT1804CCFUNIL;PC;02;4;#REF!;2541798,17;#REF!;B;M2030194;
435;M2030196;MC;M203;RESIST COLEIRA CERAMICA WCT1804CC260100;PC;02;2;#REF!;2541798,17;#REF!;B;M2030196;
436;M2030200;MC;M203;"RESIST. CERAMICA EM ""L"" 555 X 455 X 100 - 230V 4400W";PC;02;4;#REF!;2541798,17;#REF!;A;M2030200;
437;M2030201;MC;M203;RESIST TIPO CARTUCHO 19,2 X 180 - 230 V - 1000W;PC;02;2;#REF!;2541798,17;#REF!;B;M2030201;
438;M2030203;MC;M203;RESIST COLEIRA CERAMICA 200 X 80 - 230 V - 2200W;PC;02;2;#REF!;2541798,17;#REF!;B;M2030203;
439;M2030205;MC;M203;RESIST COLEIRA CERAMICA Ø 235 X 100 - 230 V - 3300W;PC;02;6;#REF!;2541798,17;#REF!;A;M2030205;
440;M2030206;MC;M203;"RESIST. CERAMICA EM ""L"" 425 X 525 X 90 - 230 V - 3000W - CONEX 115MM (A)";PC;02;3;#REF!;2541798,17;#REF!;B;M2030206;
441;M2030207;MC;M203;RESIST PLANA MICA FUNIL 230 V - 1000W;PC;02;4;#REF!;2541798,17;#REF!;B;M2030207;
442;M2030209;MC;M203;RESIST TIPO CARTUCHO 19,2 X 180 - 230 V - 1000W;PC;02;3;#REF!;2541798,17;#REF!;B;M2030209;
443;M2030212;MC;M203;RESIST. PLANA MICA 264X194 - 380/420V - 804W;PC;02;2;#REF!;2541798,17;#REF!;B;M2030212;
444;M2030213;MC;M203;RESIST. PLANA MICA 356X260 DIREITO - 380/420V - 2550W;PC;02;4;#REF!;2541798,17;#REF!;B;M2030213;
445;M2030214;MC;M203;RESIST. PLANA MICA 356X260 ESQUERDO - 380/420V - 2550W;PC;02;2;#REF!;2541798,17;#REF!;B;M2030214;
446;M2030215;MC;M203;RESIST. PLANA MICA 260X63 - 380/420V - 350W;PC;02;4;#REF!;2541798,17;#REF!;B;M2030215;
447;M2030216;MC;M203;RESIST. PLANA MICA 492X44 - 380/420V - 433W;PC;02;2;#REF!;2541798,17;#REF!;B;M2030216;
448;M2030217;MC;M203;RESIST. PLANA MICA 260X86 - 380/420V - 620W;PC;02;3;#REF!;2541798,17;#REF!;B;M2030217;
449;M2030218;MC;M203;RESIST. PLANA MICA 567X144 DIREITO - 380/420V - 1100W;PC;02;2;#REF!;2541798,17;#REF!;B;M2030218;
450;M2030219;MC;M203;RESIST. PLANA MICA 567X144 ESQUERDO - 380/420V - 1100W;PC;02;2;#REF!;2541798,17;#REF!;B;M2030219;
451;M2030220;MC;M203;RESIST. COL. MICA Ø 315 X 85 - 380/420V - 2700W;PC;02;2;#REF!;2541798,17;#REF!;B;M2030220;
452;M2030221;MC;M203;RESIST. COL. MICA Ø 230 X 150 - 380/420V - 3400W;PC;02;2;#REF!;2541798,17;#REF!;B;M2030221;
453;M2030222;MC;M203;RESIST. MEIA LUA MICA 230 X 120 - 380/420V - 1600W;PC;02;2;#REF!;2541798,17;#REF!;B;M2030222;
454;M2030223;MC;M203;RESIST. PLANA MICA 357 X 120 - 380/420V - 900W;PC;02;2;#REF!;2541798,17;#REF!;B;M2030223;
455;M2030224;MC;M203;RESIST. PLANA MICA 154 X 139 - 380/420V - 360W;PC;02;2;#REF!;2541798,17;#REF!;B;M2030224;
456;M2030225;MC;M203;"RESIST. CERAMICA EM ""L"" 425 X 525 X 90 - 230 V - 3000W - CONEX 100MM (B)";PC;02;2;#REF!;2541798,17;#REF!;B;M2030225;
457;M2040008;MC;M204;TERMOPAR TIPO J  6MM  C/ BAIONETA DE 15MM COM 5MT;PC;02;4;#REF!;2541798,17;#REF!;B;M2040008;
458;M2040010;MC;M204;ELETRODO IGNICAO IONIZADA;PC;02;2;#REF!;2541798,17;#REF!;B;M2040010;
459;M2040016;MC;M204;DISJUNTOR MOTOR MPW40-3-U001  0,63 1 A;PC;02;2;#REF!;2541798,17;#REF!;B;M2040016;
460;M2040018;MC;M204;DISJUNTOR MOTOR MPW40-3-U004 -2,5 - 4A WEG;PC;02;3;#REF!;2541798,17;#REF!;B;M2040018;
461;M2040019;MC;M204;DISJUNTOR MOTOR MPW18 - WEG;PC;02;4;#REF!;2541798,17;#REF!;B;M2040019;
462;M2040039;MC;M204;BORNE LIG. TIGRE MONOFASICO;PC;02;4;#REF!;2541798,17;#REF!;B;M2040039;
463;M2040043;MC;M204;TOMADA SOBR. STECK 16A 380V N-4006;PC;02;6;#REF!;2541798,17;#REF!;B;M2040043;
464;M2040055;MC;M204;DISJUNTOR MOTOR 1,6 A 2,2AMP;PC;02;8;#REF!;2541798,17;#REF!;B;M2040055;
465;M2040061;MC;M204;CONTATOR CWM18 10E - 24VDC -WEG - MODELO NOVO;PC;02;2;#REF!;2541798,17;#REF!;B;M2040061;
466;M2040076;MC;M204;CONTATO AUX.HKF1/11 P/M116;PC;02;26;#REF!;2541798,17;#REF!;B;M2040076;
467;M2040131;MC;M204;DISJUNTOR UNIPOLAR 6A;PC;02;17;#REF!;2541798,17;#REF!;B;M2040131;
468;M2040150;MC;M204;RELE DE SEGURANCA SRB 201 LC;PC;02;2;#REF!;2541798,17;#REF!;A;M2040150;
469;M2040160;MC;M204;DISJUNTOR MOTOR MPW40-3-U010-WEG;PC;02;2;#REF!;2541798,17;#REF!;B;M2040160;
470;M2040163;MC;M204;RELE DE SEGURANCA CP-D 24VCC;PC;02;3;#REF!;2541798,17;#REF!;B;M2040163;
471;M2040179;MC;M204;DISJUNTOR MOTOR MPW25-3-U063(WEG);PC;02;2;#REF!;2541798,17;#REF!;B;M2040179;
472;M2040194;MC;M204;DISJUNTOR DWB160 B40;PC;02;3;#REF!;2541798,17;#REF!;B;M2040194;
473;M2040276;MC;M204;TRANSMISSOR DE PRESSAO (VEGABAR82) B82.AXC5SAGFSHXAIMAX - STF;PC;02;1;#REF!;2541798,17;#REF!;A;M2040276;
474;M2040347;MC;M204;FECHO LING.ECO FRONT.RED.PRETO C/MIOLO YALE A=20-25610;PC;02;100;#REF!;2541798,17;#REF!;A;M2040347;
475;M2050009;MC;M205;REATOR VAPOR SODIO 400W VSI400A 26E - INTERNO;UN;02;2;#REF!;2541798,17;#REF!;B;M2050009;
476;M2050022;MC;M205;LUMINARIA A PROVA DE EXPLOSAO;PC;02;2;#REF!;2541798,17;#REF!;B;M2050022;
477;M2050036;MC;M205;REATOR VAPOR SODIO 1000WATTS;PC;02;3;#REF!;2541798,17;#REF!;B;M2050036;
478;M2050037;MC;M205;LAMPADA VAPOR SODIO 1000WTTS;PC;02;3;#REF!;2541798,17;#REF!;B;M2050037;
479;M2050039;MC;M205;CAPACITOR 25KVAR UCWT 380V 60H;PC;02;4;#REF!;2541798,17;#REF!;A;M2050039;
480;M2050050;MC;M205;LAMPADA VAPOR MET. 400W HPI-T PLUS 643;PC;02;5;#REF!;2541798,17;#REF!;B;M2050050;
481;M2050051;MC;M205;REATOR VAPOR SODIO 400W VSE400A 26E - EXTERNO;PC;02;3;#REF!;2541798,17;#REF!;B;M2050051;
482;M2050070;MC;M205;LUMINARIA EMERGENCIA SUPER LED 30X2W 110-220V C/PILHA REC 01982;UN;02;14;#REF!;2541798,17;#REF!;B;M2050070;
483;M2050072;MC;M205;LAMPADA LED T8 TUBULAR 120CM 18W BRANCO FRIO;UN;02;36;#REF!;2541798,17;#REF!;B;M2050072;
484;M2050074;MC;M205;LUMINARIA DE EMERGENCIA LED 3 FAROIS 3000 LUMENS C/BATERIA SELADA 24777;UN;02;5;#REF!;2541798,17;#REF!;B;M2050074;
485;M2050076;MC;M205;LUMINARIA DE PAINEL 5.580.201 LAP22 CV15 220V 50-60HZ 15W UNIKEY;PC;02;1;#REF!;2541798,17;#REF!;B;M2050076;
486;M2050095;MC;M205;REFLETOR DE LED 500 WATTS LUZ BRANCA 220 VOLTS;PC;02;4;#REF!;2541798,17;#REF!;A;M2050095;
487;M2060037;MC;M206;TOMADA DE SILICONE TERMOPAR A35 220/380V -OP.HDV1299;PC;02;3;#REF!;2541798,17;#REF!;B;M2060037;
488;M2060043;MC;M206;BARRA TRILHO DIN PAINEL ELETRI;PC;02;19;#REF!;2541798,17;#REF!;B;M2060043;
489;M2070021;MC;M207;FUSIVEL NH2 400A 500V ULTRA RAPIDO;PC;02;17;#REF!;2541798,17;#REF!;A;M2070021;
490;M2070027;MC;M207;FUSIVEL TIPO CARTUCHO 50A;PC;02;68;#REF!;2541798,17;#REF!;B;M2070027;
491;M2070028;MC;M207;FUSIVEL CARTUCHO 10X38 16A UR;PC;02;36;#REF!;2541798,17;#REF!;B;M2070028;
492;M2070031;MC;M207;FUSIVEL NH02 350A ULTRARAPIDO;PC;02;13;#REF!;2541798,17;#REF!;B;M2070031;
493;M2070050;MC;M207;FUSIVEL NH00 160A 500V ULTRARAPIDO;PC;02;12;#REF!;2541798,17;#REF!;B;M2070050;
494;M2070051;MC;M207;FUSIVEL NH1 80A 500V ULTRARAPIDO;PC;02;8;#REF!;2541798,17;#REF!;B;M2070051;
495;M2070054;MC;M207;FUSIVEL LIMITADOR DE CORRENTE TIPO HH-15KV-IN=80A;PC;02;2;#REF!;2541798,17;#REF!;B;M2070054;
496;M2070064;MC;M207;FUSIVEL NH AM T-3 500A 690VCA - SIEMENS (EREMA);PC;02;5;#REF!;2541798,17;#REF!;A;M2070064;
497;M2070068;MC;M207;FUSIVEL SMD. 1AMPER ULTRA RAPIDO  -(FLAKE SOTER);PC;02;11;#REF!;2541798,17;#REF!;B;M2070068;
498;M2070069;MC;M207;FUSIVEL LIMITADOR DE CORRENTE 15KV 50 A TIPO HH 45X325MM NP4093;PC;02;6;#REF!;2541798,17;#REF!;B;M2070069;
499;M3010006;MC;M301;C.A 25505 LUVA VAQUETA CANO LONGO COM REFORCO;P;02;397;#REF!;2541798,17;#REF!;A;M3010006;
500;M3010011;MC;M301;C.A 5745 PROTETOR AURICULAR TIPO PLUG 3M POMP PLUS 18DB;PC;02;267;#REF!;2541798,17;#REF!;B;M3010011;
501;M3010015;MC;M301;C.A 32947 LUVA DE ALGODAO C/ NITRILICA Nº10;P;02;98;#REF!;2541798,17;#REF!;B;M3010015;
502;M3010027;MC;M301;C.A 41535 SAPATO BICO DE COMPOSITE Nº 39 - ESTIVAL;PC;02;33;#REF!;2541798,17;#REF!;A;M3010027;
503;M3010028;MC;M301;C.A 41535 SAPATO BICO DE COMPOSITE Nº 40 - ESTIVAL;PC;02;10;#REF!;2541798,17;#REF!;B;M3010028;
504;M3010029;MC;M301;C.A 41535 SAPATO BICO DE COMPOSITE Nº 41 - ESTIVAL;PC;02;12;#REF!;2541798,17;#REF!;B;M3010029;
505;M3010030;MC;M301;C.A 41535 SAPATO BICO DE COMPOSITE Nº 42 - ESTIVAL;PC;02;17;#REF!;2541798,17;#REF!;A;M3010030;
506;M3010031;MC;M301;C.A 41535 SAPATO BICO DE COMPOSITE Nº 43 - ESTIVAL;PC;02;15;#REF!;2541798,17;#REF!;B;M3010031;
507;M3010032;MC;M301;C.A 41535 SAPATO BICO DE COMPOSITE Nº 44 - ESTIVAL;PC;02;22;#REF!;2541798,17;#REF!;A;M3010032;
508;M3010035;MC;M301;C.A 45932 SAPATO BICO DE COMPOSITE P/ ELETRICISTA Nº42 - ESTIVAL;PC;02;5;#REF!;2541798,17;#REF!;B;M3010035;
509;M3010036;MC;M301;C.A 41535 SAPATO BICO DE COMPOSITE Nº 36 - ESTIVAL;PC;02;1;#REF!;2541798,17;#REF!;B;M3010036;
510;M3010041;MC;M301;C.A 41535 SAPATO BICO DE COMPOSITE Nº 35 - ESTIVAL;PC;02;12;#REF!;2541798,17;#REF!;B;M3010041;
511;M3010050;MC;M301;CAMISA P;PC;02;48;#REF!;2541798,17;#REF!;A;M3010050;
512;M3010051;MC;M301;CAMISA M;PC;02;90;#REF!;2541798,17;#REF!;A;M3010051;
513;M3010052;MC;M301;CAMISA G;PC;02;98;#REF!;2541798,17;#REF!;A;M3010052;
514;M3010053;MC;M301;CAMISA GG;PC;02;62;#REF!;2541798,17;#REF!;A;M3010053;
515;M3010054;MC;M301;CAMISA EG;PC;02;51;#REF!;2541798,17;#REF!;A;M3010054;
516;M3010055;MC;M301;CALCA P;PC;02;34;#REF!;2541798,17;#REF!;A;M3010055;
517;M3010056;MC;M301;CALCA M;PC;02;92;#REF!;2541798,17;#REF!;A;M3010056;
518;M3010057;MC;M301;CALCA G;PC;02;93;#REF!;2541798,17;#REF!;A;M3010057;
519;M3010058;MC;M301;CALCA GG;PC;02;64;#REF!;2541798,17;#REF!;A;M3010058;
520;M3010059;MC;M301;CALCA EG;PC;02;30;#REF!;2541798,17;#REF!;B;M3010059;
521;M3010062;MC;M301;JALECO MANGA LONGA BRANCO G - OXFORD 100%;PC;02;13;#REF!;2541798,17;#REF!;B;M3010062;
522;M3010071;MC;M301;C.A 10344 OCULOS DE SEGURANCA SOBREPOR  -KALIPSO;PC;02;38;#REF!;2541798,17;#REF!;B;M3010071;
523;M3010079;MC;M301;C.A 15360  MASCARA  X-PLORE 3300 -VO TAMANHO M;PC;02;22;#REF!;2541798,17;#REF!;A;M3010079;
524;M3010080;MC;M301;RETENTOR DA MASCARA;PC;02;78;#REF!;2541798,17;#REF!;B;M3010080;
525;M3010082;MC;M301;C.A 37539-37536 CALCA FORRADA AMARELA;PC;02;103;#REF!;2541798,17;#REF!;B;M3010082;
526;M3010112;MC;M301;CHAPEU DE PALHA;PC;02;25;#REF!;2541798,17;#REF!;B;M3010112;
527;M3010115;MC;M301;COLETE REFLETIVO VERDE  LIMAO FLUORESCENTE  G (C/ZIPER E S/BOLSO);UN;02;18;#REF!;2541798,17;#REF!;B;M3010115;
528;M3010139;MC;M301;C.A 45932 SAPATO BICO DE COMPOSITE P/ ELETRICISTA Nº40 - ESTIVAL;PC;02;2;#REF!;2541798,17;#REF!;B;M3010139;
529;M3010140;MC;M301;C.A 45932 SAPATO BICO DE COMPOSITE P/ ELETRICISTA Nº41 - ESTIVAL;PC;02;5;#REF!;2541798,17;#REF!;B;M3010140;
530;M3010141;MC;M301;C.A 45932 SAPATO BICO DE COMPOSITE P/ ELETRICISTA Nº43 - ESTIVAL;PC;02;4;#REF!;2541798,17;#REF!;B;M3010141;
531;M3010142;MC;M301;C.A 35.223 BOTA PVC BICO DE ACO Nº42;P;02;5;#REF!;2541798,17;#REF!;B;M3010142;
532;M3010143;MC;M301;C.A 35.223 BOTA PVC BICO DE ACO Nº41;P;02;5;#REF!;2541798,17;#REF!;B;M3010143;
533;M3010144;MC;M301;C.A 35.223 BOTA PVC BICO DE ACO Nº40;P;02;5;#REF!;2541798,17;#REF!;B;M3010144;
534;M3010152;MC;M301;C.A 32476/20662 MACACAO PROTETOR TYVEK 2 - GG;PC;02;111;#REF!;2541798,17;#REF!;B;M3010152;
535;M3010176;MC;M301;C.A 45611 BOTINA MARROM Nº39 - MARLUVAS;P;02;3;#REF!;2541798,17;#REF!;B;M3010176;
536;M3010178;MC;M301;C.A 45611 BOTINA MARROM Nº42 - MARLUVAS;PC;02;10;#REF!;2541798,17;#REF!;B;M3010178;
537;M3010184;MC;M301;C.A 45932 SAPATO BICO DE COMPOSITE P/ ELETRICISTA Nº39 - ESTIVAL;PC;02;3;#REF!;2541798,17;#REF!;B;M3010184;
538;M3010185;MC;M301;C.A 33451 CAMISA ELETRICISTA RISCO 2 NR10 - M;UN;02;8;#REF!;2541798,17;#REF!;B;M3010185;
539;M3010186;MC;M301;C.A 45350  CAMISA ELETRICISTA RISCO 2 NR10 - G;UN;02;11;#REF!;2541798,17;#REF!;B;M3010186;
540;M3010187;MC;M301;C.A 33451  CAMISA ELETRICISTA RISCO 2 NR10 - GG;UN;02;13;#REF!;2541798,17;#REF!;A;M3010187;
541;M3010188;MC;M301;C.A 33452 CALCA ELETRICISTA RISCO 2 NR10 - M;UN;02;6;#REF!;2541798,17;#REF!;B;M3010188;
542;M3010189;MC;M301;C.A 43383 CALCA ELETRICISTA RISCO 2 NR10 - G;UN;02;14;#REF!;2541798,17;#REF!;A;M3010189;
543;M3010190;MC;M301;C.A 45351 CALCA ELETRICISTA RISCO 2 NR10 - GG;UN;02;15;#REF!;2541798,17;#REF!;A;M3010190;
544;M3010198;MC;M301;C.A 21420 / 37127 LUVA PVC ASPERA  C/FORRO 45CM ENCART.;PC;02;22;#REF!;2541798,17;#REF!;B;M3010198;
545;M3010202;MC;M301;C.A 14235 PROTETOR CONCHA  MUFFLER 3M 21DB;UN;02;31;#REF!;2541798,17;#REF!;B;M3010202;
546;M3010203;MC;M301;C.A 11769  LUVA NITRILICA FLOCADA 31CM Nº10- VERDE;P;02;30;#REF!;2541798,17;#REF!;B;M3010203;
547;M3010257;MC;M301;C.A 15360  MASCARA  X-PLORE 3300 -VO TAMANHO P;PC;02;17;#REF!;2541798,17;#REF!;B;M3010257;
548;M3010267;MC;M301;C.A 38646 LUVA ANTI CORTE VOLK Nº10 (AZUL E PRETA);P;02;55;#REF!;2541798,17;#REF!;B;M3010267;
549;M3010269;MC;M301;C.A 35.223 BOTA PVC BICO DE ACO Nº39;P;02;5;#REF!;2541798,17;#REF!;B;M3010269;
550;M3010270;MC;M301;C.A 35.223 BOTA PVC BICO DE ACO Nº43;P;02;5;#REF!;2541798,17;#REF!;B;M3010270;
551;M3010281;MC;M301;C.A 41535 SAPATO BICO DE COMPOSITE Nº 46 - ESTIVAL;PC;02;9;#REF!;2541798,17;#REF!;B;M3010281;
552;M3010287;MC;M301;C.A 12254/12598 - LUVA NITRIL FLOCADA 46CM/0,55MM TAM G;UN;02;14;#REF!;2541798,17;#REF!;B;M3010287;
553;M3010288;MC;M301;C.A 12254  LUVA NITRIL FLOCADA 46CM/0,55MM TAM M;UN;02;76;#REF!;2541798,17;#REF!;A;M3010288;
554;M3010295;MC;M301;FITA ANTI DERRAPANTE PRETA 50X20000MM;PC;02;4;#REF!;2541798,17;#REF!;B;M3010295;
555;M3010308;MC;M301;C.A 42711 LUVA NITRILICA DESCARTAVEL G AZUL;CX;02;10;#REF!;2541798,17;#REF!;B;M3010308;
556;M3010309;MC;M301;C.A 32556 CAMISA/ C.A 32557 CALCA - CJ MOTOQUEIRO PRETO XG;PC;02;2;#REF!;2541798,17;#REF!;B;M3010309;
557;M3010313;MC;M301;FITA DEMARCACAO PISO BRANCA 100MM X 30M;UN;02;17;#REF!;2541798,17;#REF!;B;M3010313;
558;M3010315;MC;M301;FITA DERMARCACAO PISO AMARELA  100MM X 3M;UN;02;10;#REF!;2541798,17;#REF!;B;M3010315;
559;M3010320;MC;M301;CALCA EGG;PC;02;31;#REF!;2541798,17;#REF!;B;M3010320;
560;M3010321;MC;M301;CAMISA EGG;PC;02;26;#REF!;2541798,17;#REF!;B;M3010321;
561;M3010333;MC;M301;C.A 498 CAPACETE AMARELO - MSA 311311;P;02;18;#REF!;2541798,17;#REF!;B;M3010333;
562;M3010338;MC;M301;C.A 27971 KIT ABAFADOR RUIDOS XLS 20DB - MSA 216746;PC;02;22;#REF!;2541798,17;#REF!;A;M3010338;
563;M3010340;MC;M301;CAMISA VERMELHA G  (P/BRIGADISTA);P;02;10;#REF!;2541798,17;#REF!;B;M3010340;
564;M3010342;MC;M301;COLETE REFLETIVO VERDE  LIMAO FLUORESCENTE  GG  (C/ZIPER E S/BOLSO);UN;02;33;#REF!;2541798,17;#REF!;B;M3010342;
565;M3010343;MC;M301;CARNEIRA P/CAPACETE MSA;P;02;39;#REF!;2541798,17;#REF!;B;M3010343;
566;M3010357;MC;M301;CALCA CINZA G (P/BRIGADISTA);P;02;18;#REF!;2541798,17;#REF!;B;M3010357;
567;M3010358;MC;M301;CALCA CINZA GG(P/BRIGADISTA);P;02;13;#REF!;2541798,17;#REF!;B;M3010358;
568;M3010372;MC;M301;CALCA G3;PC;02;12;#REF!;2541798,17;#REF!;B;M3010372;
569;M3010373;MC;M301;CAMISA G3;PC;02;13;#REF!;2541798,17;#REF!;B;M3010373;
570;M3010375;MC;M301;C.A 45611 BOTINA MARROM Nº41 - MARLUVAS;PC;02;3;#REF!;2541798,17;#REF!;B;M3010375;
571;M3010376;MC;M301;C.A 45611 BOTINA MARROM Nº43 - MARLUVAS;PC;02;20;#REF!;2541798,17;#REF!;B;M3010376;
572;M3010377;MC;M301;C.A 45611 BOTINA MARROM Nº44 - MARLUVAS;PC;02;9;#REF!;2541798,17;#REF!;B;M3010377;
573;M3010387;MC;M301;C.A 38352 BONE DE PROTECAO COM CASQUETE;PC;02;21;#REF!;2541798,17;#REF!;B;M3010387;
574;M3010388;MC;M301;FILTRO COMBINADO A1B1E1K1 HG P3;PC;02;28;#REF!;2541798,17;#REF!;A;M3010388;
575;M3010420;MC;M301;COLETE REFLETIVO VERDE  LIMAO FLUORESCENTE  M (C/ZIPER E S/BOLSO);UN;02;10;#REF!;2541798,17;#REF!;B;M3010420;
576;M3010434;MC;M301;COLETE REFLETIVO VERDE  LIMAO FLUORESCENTE  EG  (C/ZIPER E S/BOLSO);UN;02;48;#REF!;2541798,17;#REF!;B;M3010434;
577;M3010435;MC;M301;COLETE REFLETIVO LARANJA  FLUORESCENTE  M (C/ZIPER E S/BOLSO);UN;02;49;#REF!;2541798,17;#REF!;B;M3010435;
578;M3010436;MC;M301;COLETE REFLETIVO LARANJA  FLUORESCENTE  G (C/ZIPER E S/BOLSO);UN;02;31;#REF!;2541798,17;#REF!;B;M3010436;
579;M3010437;MC;M301;COLETE REFLETIVO LARANJA  FLUORESCENTE GG (C/ZIPER E S/BOLSO);UN;02;18;#REF!;2541798,17;#REF!;B;M3010437;
580;M3010439;MC;M301;COLETE REFLETIVO LARANJA  FLUORESCENTE EGG(C/ZIPER E S/BOLSO);UN;02;46;#REF!;2541798,17;#REF!;B;M3010439;
581;M3010455;MC;M301;C.A 43001 AVENTAL DE SEGURANCA TIPO BARBEIRO C/ ELASTICO;PC;02;28;#REF!;2541798,17;#REF!;A;M3010455;
582;M3010457;MC;M301;C.A 35.223 BOTA PVC BICO DE ACO Nº35;PC;02;5;#REF!;2541798,17;#REF!;B;M3010457;
583;M3010458;MC;M301;C.A 35.223 BOTA PVC BICO DE ACO Nº36;PC;02;2;#REF!;2541798,17;#REF!;B;M3010458;
584;M3010459;MC;M301;C.A 35.223 BOTA PVC BICO DE ACO Nº37;PC;02;5;#REF!;2541798,17;#REF!;B;M3010459;
585;M3010460;MC;M301;C.A 35.223 BOTA PVC BICO DE ACO Nº38;PC;02;5;#REF!;2541798,17;#REF!;B;M3010460;
586;M3010500;MC;M301;C.A 33451  CAMISA ELETRICISTA RISCO 2 NR10 - EXG;UN;02;2;#REF!;2541798,17;#REF!;B;M3010500;
587;M3010501;MC;M301;C.A 45351 CALCA ELETRICISTA RISCO 2 NR10 - EXG;UN;02;2;#REF!;2541798,17;#REF!;B;M3010501;
588;M4010023;MC;M401;VASSOURA DE PELO SINT 60CM BASE MADEI;PC;02;38;#REF!;2541798,17;#REF!;B;M4010023;
589;M4010025;MC;M401;VASSOURA NYLON 60CM S/ CABO TIPO PREFEITURA Nº2 DE MADEIRA;PC;02;43;#REF!;2541798,17;#REF!;B;M4010025;
590;M4010063;MC;M401;ESTOPA BRANCA;KG;02;50;#REF!;2541798,17;#REF!;B;M4010063;
591;M4010070;MC;M401;RETALHO PARA LIMPEZA;KG;02;152;#REF!;2541798,17;#REF!;A;M4010070;
592;M5010100;MC;M501;TALAO REQ. MATERIAL INTERNO;PC;02;30;#REF!;2541798,17;#REF!;B;M5010100;
593;M5010502;MC;M501;FICHAS 4X4 CORES (OPA) PAPEL CARTAO 180G;PC;02;750;#REF!;2541798,17;#REF!;B;M5010502;
594;M6010156;MC;M601;LIMPADOR ALCALINO DESENGRAXANTE - SOLUPAN;GL;02;14;#REF!;2541798,17;#REF!;B;M6010156;
;;;;;;; ;;;;;;
